[{"model": "admin.logentry", "pk": 1, "fields": {"action_time": "2025-01-31T14:19:33.250Z", "user": 1, "content_type": 8, "object_id": "1", "object_repr": "Marketing advice", "action_flag": 1, "change_message": "[{\"added\": {}}]"}}, {"model": "admin.logentry", "pk": 2, "fields": {"action_time": "2025-01-31T22:07:51.674Z", "user": 1, "content_type": 8, "object_id": "3", "object_repr": "التحليل", "action_flag": 1, "change_message": "[{\"added\": {}}]"}}, {"model": "admin.logentry", "pk": 3, "fields": {"action_time": "2025-01-31T22:11:17.075Z", "user": 1, "content_type": 8, "object_id": "4", "object_repr": "analysis", "action_flag": 1, "change_message": "[{\"added\": {}}]"}}, {"model": "admin.logentry", "pk": 4, "fields": {"action_time": "2025-01-31T22:13:20.009Z", "user": 1, "content_type": 8, "object_id": "5", "object_repr": "analysis", "action_flag": 1, "change_message": "[{\"added\": {}}]"}}, {"model": "admin.logentry", "pk": 5, "fields": {"action_time": "2025-01-31T22:19:05.300Z", "user": 1, "content_type": 8, "object_id": "6", "object_repr": "analysis", "action_flag": 1, "change_message": "[{\"added\": {}}]"}}, {"model": "admin.logentry", "pk": 6, "fields": {"action_time": "2025-01-31T22:42:29.219Z", "user": 1, "content_type": 8, "object_id": "6", "object_repr": "تحليل", "action_flag": 2, "change_message": "[{\"changed\": {\"fields\": [\"Category\", \"Description\"]}}]"}}, {"model": "admin.logentry", "pk": 7, "fields": {"action_time": "2025-01-31T22:51:19.411Z", "user": 1, "content_type": 8, "object_id": "6", "object_repr": "analysis", "action_flag": 3, "change_message": ""}}, {"model": "admin.logentry", "pk": 8, "fields": {"action_time": "2025-01-31T22:51:23.157Z", "user": 1, "content_type": 8, "object_id": "5", "object_repr": "analysis", "action_flag": 3, "change_message": ""}}, {"model": "admin.logentry", "pk": 9, "fields": {"action_time": "2025-01-31T22:51:26.825Z", "user": 1, "content_type": 8, "object_id": "4", "object_repr": "analysis", "action_flag": 3, "change_message": ""}}, {"model": "admin.logentry", "pk": 10, "fields": {"action_time": "2025-01-31T22:51:30.924Z", "user": 1, "content_type": 8, "object_id": "3", "object_repr": "", "action_flag": 3, "change_message": ""}}, {"model": "admin.logentry", "pk": 11, "fields": {"action_time": "2025-01-31T22:51:36.145Z", "user": 1, "content_type": 8, "object_id": "2", "object_repr": "", "action_flag": 3, "change_message": ""}}, {"model": "admin.logentry", "pk": 12, "fields": {"action_time": "2025-01-31T22:51:39.844Z", "user": 1, "content_type": 8, "object_id": "1", "object_repr": "", "action_flag": 3, "change_message": ""}}, {"model": "admin.logentry", "pk": 13, "fields": {"action_time": "2025-01-31T22:52:25.027Z", "user": 1, "content_type": 8, "object_id": "7", "object_repr": "Analysis", "action_flag": 1, "change_message": "[{\"added\": {}}]"}}, {"model": "admin.logentry", "pk": 14, "fields": {"action_time": "2025-01-31T22:52:57.794Z", "user": 1, "content_type": 8, "object_id": "7", "object_repr": "تحليل", "action_flag": 2, "change_message": "[{\"changed\": {\"fields\": [\"Category\", \"Description\"]}}]"}}, {"model": "admin.logentry", "pk": 15, "fields": {"action_time": "2025-01-31T22:53:12.907Z", "user": 1, "content_type": 8, "object_id": "7", "object_repr": "Analysis", "action_flag": 2, "change_message": "[]"}}, {"model": "admin.logentry", "pk": 16, "fields": {"action_time": "2025-01-31T22:53:39.603Z", "user": 1, "content_type": 9, "object_id": "7", "object_repr": "failing item", "action_flag": 1, "change_message": "[{\"added\": {}}]"}}, {"model": "admin.logentry", "pk": 17, "fields": {"action_time": "2025-01-31T22:54:10.550Z", "user": 1, "content_type": 9, "object_id": "7", "object_repr": "منتج أداءه ضعيف", "action_flag": 2, "change_message": "[{\"changed\": {\"fields\": [\"Subcategory\", \"Description\"]}}]"}}, {"model": "admin.logentry", "pk": 18, "fields": {"action_time": "2025-01-31T22:54:45.014Z", "user": 1, "content_type": 10, "object_id": "12", "object_repr": "Which item isn’t performing as well as you’d hoped?", "action_flag": 1, "change_message": "[{\"added\": {}}]"}}, {"model": "admin.logentry", "pk": 19, "fields": {"action_time": "2025-01-31T22:55:01.158Z", "user": 1, "content_type": 10, "object_id": "12", "object_repr": "ما العنصر الذي لا يحقق الأداء المتوقع كما كنت تأمل؟", "action_flag": 2, "change_message": "[{\"changed\": {\"fields\": [\"Question\", \"Question ar\"]}}]"}}, {"model": "admin.logentry", "pk": 20, "fields": {"action_time": "2025-01-31T22:55:23.004Z", "user": 1, "content_type": 8, "object_id": "8", "object_repr": "Marketing advice", "action_flag": 1, "change_message": "[{\"added\": {}}]"}}, {"model": "admin.logentry", "pk": 21, "fields": {"action_time": "2025-01-31T22:55:42.660Z", "user": 1, "content_type": 8, "object_id": "8", "object_repr": "نصائح تسويقية", "action_flag": 2, "change_message": "[{\"changed\": {\"fields\": [\"Category\", \"Description\"]}}]"}}, {"model": "admin.logentry", "pk": 22, "fields": {"action_time": "2025-02-03T13:00:53.542Z", "user": 1, "content_type": 19, "object_id": "1", "object_repr": "Marketing Advice", "action_flag": 1, "change_message": "[{\"added\": {}}]"}}, {"model": "admin.logentry", "pk": 23, "fields": {"action_time": "2025-02-03T13:01:14.052Z", "user": 1, "content_type": 19, "object_id": "1", "object_repr": "نصائح تسويقية", "action_flag": 2, "change_message": "[{\"changed\": {\"fields\": [\"Category\", \"Description\"]}}]"}}, {"model": "admin.logentry", "pk": 24, "fields": {"action_time": "2025-02-03T13:01:25.137Z", "user": 1, "content_type": 19, "object_id": "2", "object_repr": "Analysis", "action_flag": 1, "change_message": "[{\"added\": {}}]"}}, {"model": "admin.logentry", "pk": 25, "fields": {"action_time": "2025-02-03T13:01:42.079Z", "user": 1, "content_type": 19, "object_id": "2", "object_repr": "تحليل", "action_flag": 2, "change_message": "[{\"changed\": {\"fields\": [\"Category\", \"Description\"]}}]"}}, {"model": "admin.logentry", "pk": 26, "fields": {"action_time": "2025-02-03T13:02:09.599Z", "user": 1, "content_type": 15, "object_id": "1", "object_repr": "Adding a new item", "action_flag": 1, "change_message": "[{\"added\": {}}]"}}, {"model": "admin.logentry", "pk": 27, "fields": {"action_time": "2025-02-03T13:02:47.314Z", "user": 1, "content_type": 15, "object_id": "1", "object_repr": "اضافة منتج جديد", "action_flag": 2, "change_message": "[{\"changed\": {\"fields\": [\"Subcategory\", \"Description\"]}}]"}}, {"model": "admin.logentry", "pk": 28, "fields": {"action_time": "2025-02-03T13:03:10.379Z", "user": 1, "content_type": 15, "object_id": "2", "object_repr": "Suggesting  promotions", "action_flag": 1, "change_message": "[{\"added\": {}}]"}}, {"model": "admin.logentry", "pk": 29, "fields": {"action_time": "2025-02-03T13:03:36.980Z", "user": 1, "content_type": 15, "object_id": "2", "object_repr": "اقتراح ترويجي", "action_flag": 2, "change_message": "[{\"changed\": {\"fields\": [\"Subcategory\", \"Description\"]}}]"}}, {"model": "admin.logentry", "pk": 30, "fields": {"action_time": "2025-02-03T13:03:58.373Z", "user": 1, "content_type": 15, "object_id": "3", "object_repr": "chating about marketing", "action_flag": 1, "change_message": "[{\"added\": {}}]"}}, {"model": "admin.logentry", "pk": 31, "fields": {"action_time": "2025-02-03T13:04:34.513Z", "user": 1, "content_type": 15, "object_id": "3", "object_repr": "Chatting About Marketing", "action_flag": 2, "change_message": "[{\"changed\": {\"fields\": [\"Subcategory\", \"Description\"]}}]"}}, {"model": "admin.logentry", "pk": 32, "fields": {"action_time": "2025-02-03T13:04:50.113Z", "user": 1, "content_type": 15, "object_id": "3", "object_repr": "دردش عن التسويق", "action_flag": 2, "change_message": "[{\"changed\": {\"fields\": [\"Subcategory\"]}}]"}}, {"model": "admin.logentry", "pk": 33, "fields": {"action_time": "2025-02-03T13:05:54.114Z", "user": 1, "content_type": 15, "object_id": "4", "object_repr": "منتج أداءه سيء", "action_flag": 1, "change_message": "[{\"added\": {}}]"}}, {"model": "admin.logentry", "pk": 34, "fields": {"action_time": "2025-02-03T13:06:22.643Z", "user": 1, "content_type": 15, "object_id": "4", "object_repr": "failing item", "action_flag": 2, "change_message": "[{\"changed\": {\"fields\": [\"Subcategory\", \"Description\"]}}]"}}, {"model": "admin.logentry", "pk": 35, "fields": {"action_time": "2025-02-03T13:06:42.944Z", "user": 1, "content_type": 15, "object_id": "4", "object_repr": "منتج لم ينجح", "action_flag": 2, "change_message": "[{\"changed\": {\"fields\": [\"Subcategory\"]}}]"}}, {"model": "admin.logentry", "pk": 36, "fields": {"action_time": "2025-02-03T13:06:59.436Z", "user": 1, "content_type": 15, "object_id": "5", "object_repr": "Best time to promote", "action_flag": 1, "change_message": "[{\"added\": {}}]"}}, {"model": "admin.logentry", "pk": 37, "fields": {"action_time": "2025-02-03T13:07:37.303Z", "user": 1, "content_type": 15, "object_id": "5", "object_repr": "أنسب أوقات ترويج", "action_flag": 2, "change_message": "[{\"changed\": {\"fields\": [\"Subcategory\", \"Description\"]}}]"}}, {"model": "admin.logentry", "pk": 38, "fields": {"action_time": "2025-02-03T13:07:46.180Z", "user": 1, "content_type": 15, "object_id": "6", "object_repr": "Overall analysis", "action_flag": 1, "change_message": "[{\"added\": {}}]"}}, {"model": "admin.logentry", "pk": 39, "fields": {"action_time": "2025-02-03T13:08:11.059Z", "user": 1, "content_type": 15, "object_id": "6", "object_repr": "تحليل بياناتي", "action_flag": 2, "change_message": "[{\"changed\": {\"fields\": [\"Subcategory\"]}}]"}}, {"model": "admin.logentry", "pk": 40, "fields": {"action_time": "2025-02-03T13:08:20.430Z", "user": 1, "content_type": 15, "object_id": "6", "object_repr": "Overall analysis", "action_flag": 2, "change_message": "[{\"changed\": {\"fields\": [\"Subcategory\", \"Description\"]}}]"}}, {"model": "admin.logentry", "pk": 41, "fields": {"action_time": "2025-02-03T13:08:42.171Z", "user": 1, "content_type": 14, "object_id": "1", "object_repr": "What kind of item are you thinking about adding? Is it a beverage, dessert, or something else?", "action_flag": 1, "change_message": "[{\"added\": {}}]"}}, {"model": "admin.logentry", "pk": 42, "fields": {"action_time": "2025-02-03T13:08:51.347Z", "user": 1, "content_type": 14, "object_id": "1", "object_repr": "ما النوع الذي تفكر في إضافته؟ هل هو مشروب، حلوى، أم شيء آخر؟", "action_flag": 2, "change_message": "[{\"changed\": {\"fields\": [\"Question\"]}}]"}}, {"model": "admin.logentry", "pk": 43, "fields": {"action_time": "2025-02-03T13:08:52.821Z", "user": 1, "content_type": 14, "object_id": "1", "object_repr": "ما النوع الذي تفكر في إضافته؟ هل هو مشروب، حلوى، أم شيء آخر؟", "action_flag": 2, "change_message": "[]"}}, {"model": "admin.logentry", "pk": 44, "fields": {"action_time": "2025-02-03T13:09:02.318Z", "user": 1, "content_type": 14, "object_id": "2", "object_repr": "Would you like suggestions based on current trends or insights from your sales data?", "action_flag": 1, "change_message": "[{\"added\": {}}]"}}, {"model": "admin.logentry", "pk": 45, "fields": {"action_time": "2025-02-03T13:09:15.596Z", "user": 1, "content_type": 14, "object_id": "2", "object_repr": "Would you like suggestions based on current trends or insights from your sales data?", "action_flag": 2, "change_message": "[{\"changed\": {\"fields\": [\"Question\"]}}]"}}, {"model": "admin.logentry", "pk": 46, "fields": {"action_time": "2025-02-03T13:09:26.672Z", "user": 1, "content_type": 14, "object_id": "2", "object_repr": "هل ترغب في اقتراحات بناءً على الاتجاهات الحالية أو رؤى من بيانات مبيعاتك؟", "action_flag": 2, "change_message": "[{\"changed\": {\"fields\": [\"Question\"]}}]"}}, {"model": "admin.logentry", "pk": 47, "fields": {"action_time": "2025-02-03T13:09:48.353Z", "user": 1, "content_type": 14, "object_id": "3", "object_repr": "كم من الوقت تخطط لتشغيل العرض الترويجي؟ على سبيل المثال، أسبوع أم شهر؟", "action_flag": 1, "change_message": "[{\"added\": {}}]"}}, {"model": "admin.logentry", "pk": 48, "fields": {"action_time": "2025-02-03T13:09:58.976Z", "user": 1, "content_type": 14, "object_id": "3", "object_repr": "How long are you planning to run the promotion? For example, a week or a month?", "action_flag": 2, "change_message": "[{\"changed\": {\"fields\": [\"Question\"]}}]"}}, {"model": "admin.logentry", "pk": 49, "fields": {"action_time": "2025-02-03T13:10:24.484Z", "user": 1, "content_type": 14, "object_id": "4", "object_repr": "هل لديك نوع معين من العروض في الاعتبار، مثل شيء موسمي، ثقافي، أو عام؟", "action_flag": 1, "change_message": "[{\"added\": {}}]"}}, {"model": "admin.logentry", "pk": 50, "fields": {"action_time": "2025-02-03T13:11:00.205Z", "user": 1, "content_type": 14, "object_id": "4", "object_repr": "Do you have a specific type of offer in mind, like something seasonal, cultural, or general?", "action_flag": 2, "change_message": "[{\"changed\": {\"fields\": [\"Question\"]}}]"}}, {"model": "admin.logentry", "pk": 51, "fields": {"action_time": "2025-02-03T13:11:12.624Z", "user": 1, "content_type": 14, "object_id": "5", "object_repr": "What part of your marketing strategy would you like to talk about?", "action_flag": 1, "change_message": "[{\"added\": {}}]"}}, {"model": "admin.logentry", "pk": 52, "fields": {"action_time": "2025-02-03T13:11:24.747Z", "user": 1, "content_type": 14, "object_id": "5", "object_repr": "ما الجزء من استراتيجية التسويق الخاصة بك الذي ترغب في التحدث عنه؟", "action_flag": 2, "change_message": "[{\"changed\": {\"fields\": [\"Question\"]}}]"}}, {"model": "admin.logentry", "pk": 53, "fields": {"action_time": "2025-02-03T13:11:42.570Z", "user": 1, "content_type": 14, "object_id": "6", "object_repr": "Which item isn’t performing as well as you’d hoped?", "action_flag": 1, "change_message": "[{\"added\": {}}]"}}, {"model": "admin.logentry", "pk": 54, "fields": {"action_time": "2025-02-03T13:11:50.127Z", "user": 1, "content_type": 14, "object_id": "6", "object_repr": "ما العنصر الذي لا يحقق الأداء المتوقع كما كنت تأمل؟", "action_flag": 2, "change_message": "[{\"changed\": {\"fields\": [\"Question\"]}}]"}}, {"model": "admin.logentry", "pk": 55, "fields": {"action_time": "2025-02-03T13:12:04.587Z", "user": 1, "content_type": 14, "object_id": "7", "object_repr": "Do you have any thoughts on why this item might not be selling well?", "action_flag": 1, "change_message": "[{\"added\": {}}]"}}, {"model": "admin.logentry", "pk": 56, "fields": {"action_time": "2025-02-03T13:12:11.993Z", "user": 1, "content_type": 14, "object_id": "7", "object_repr": "هل لديك أي أفكار عن سبب عدم بيع هذا العنصر بشكل جيد؟", "action_flag": 2, "change_message": "[{\"changed\": {\"fields\": [\"Question\"]}}]"}}, {"model": "admin.logentry", "pk": 57, "fields": {"action_time": "2025-02-03T13:12:22.381Z", "user": 1, "content_type": 14, "object_id": "8", "object_repr": "Are you thinking about targeting a specific time of day, like mornings or evenings?", "action_flag": 1, "change_message": "[{\"added\": {}}]"}}, {"model": "admin.logentry", "pk": 58, "fields": {"action_time": "2025-02-03T13:12:31.111Z", "user": 1, "content_type": 14, "object_id": "8", "object_repr": "هل تفكر في استهداف وقت معين من اليوم، مثل الصباح أو المساء؟", "action_flag": 2, "change_message": "[{\"changed\": {\"fields\": [\"Question\"]}}]"}}, {"model": "admin.logentry", "pk": 59, "fields": {"action_time": "2025-02-03T13:12:46.657Z", "user": 1, "content_type": 14, "object_id": "9", "object_repr": "Would you like recommendations based on your current sales trends?", "action_flag": 1, "change_message": "[{\"added\": {}}]"}}, {"model": "admin.logentry", "pk": 60, "fields": {"action_time": "2025-02-03T13:13:08.142Z", "user": 1, "content_type": 14, "object_id": "9", "object_repr": "هل ترغب في توصيات بناءً على اتجاهات مبيعاتك الحالية؟", "action_flag": 2, "change_message": "[{\"changed\": {\"fields\": [\"Question\"]}}]"}}, {"model": "admin.logentry", "pk": 61, "fields": {"action_time": "2025-02-03T13:13:20.955Z", "user": 1, "content_type": 14, "object_id": "10", "object_repr": "Would you like a report for a specific period, like last week or last month?", "action_flag": 1, "change_message": "[{\"added\": {}}]"}}, {"model": "admin.logentry", "pk": 62, "fields": {"action_time": "2025-02-03T13:13:32.001Z", "user": 1, "content_type": 14, "object_id": "10", "object_repr": "هل تريد تقريرًا لفترة محددة، مثل الأسبوع الماضي أو الشهر الماضي؟", "action_flag": 2, "change_message": "[{\"changed\": {\"fields\": [\"Question\"]}}]"}}, {"model": "admin.logentry", "pk": 63, "fields": {"action_time": "2025-02-03T13:13:52.710Z", "user": 1, "content_type": 14, "object_id": "11", "object_repr": "هل أنت مهتم برؤى حول المبيعات، تفضيلات العملاء، أم كلاهما؟", "action_flag": 1, "change_message": "[{\"added\": {}}]"}}, {"model": "admin.logentry", "pk": 64, "fields": {"action_time": "2025-02-03T13:14:03.796Z", "user": 1, "content_type": 14, "object_id": "11", "object_repr": "Are you interested in insights about sales, customer preferences, or both?", "action_flag": 2, "change_message": "[{\"changed\": {\"fields\": [\"Question\"]}}]"}}, {"model": "admin.logentry", "pk": 65, "fields": {"action_time": "2025-02-11T20:38:21.840Z", "user": 2, "content_type": 3, "object_id": "1", "object_repr": "Normal_User", "action_flag": 1, "change_message": "[{\"added\": {}}]"}}, {"model": "admin.logentry", "pk": 66, "fields": {"action_time": "2025-02-11T20:38:58.882Z", "user": 2, "content_type": 3, "object_id": "1", "object_repr": "Normal_User", "action_flag": 3, "change_message": ""}}, {"model": "admin.logentry", "pk": 67, "fields": {"action_time": "2025-02-11T21:04:09.658Z", "user": 2, "content_type": 3, "object_id": "2", "object_repr": "normal_user", "action_flag": 1, "change_message": "[{\"added\": {}}]"}}, {"model": "admin.logentry", "pk": 68, "fields": {"action_time": "2025-02-11T21:04:14.727Z", "user": 2, "content_type": 3, "object_id": "3", "object_repr": "admins", "action_flag": 1, "change_message": "[{\"added\": {}}]"}}, {"model": "admin.logentry", "pk": 69, "fields": {"action_time": "2025-02-11T21:04:25.818Z", "user": 2, "content_type": 4, "object_id": "2", "object_repr": "tala", "action_flag": 2, "change_message": "[{\"changed\": {\"fields\": [\"Groups\"]}}]"}}, {"model": "admin.logentry", "pk": 70, "fields": {"action_time": "2025-02-11T21:04:33.321Z", "user": 2, "content_type": 4, "object_id": "3", "object_repr": "ban", "action_flag": 2, "change_message": "[{\"changed\": {\"fields\": [\"Groups\"]}}]"}}, {"model": "admin.logentry", "pk": 71, "fields": {"action_time": "2025-02-11T21:04:43.958Z", "user": 2, "content_type": 4, "object_id": "4", "object_repr": "lolo", "action_flag": 2, "change_message": "[{\"changed\": {\"fields\": [\"Groups\"]}}]"}}, {"model": "admin.logentry", "pk": 72, "fields": {"action_time": "2025-02-11T21:04:52.055Z", "user": 2, "content_type": 4, "object_id": "1", "object_repr": "admin", "action_flag": 2, "change_message": "[{\"changed\": {\"fields\": [\"Groups\"]}}]"}}, {"model": "admin.logentry", "pk": 73, "fields": {"action_time": "2025-02-11T21:07:01.656Z", "user": 2, "content_type": 3, "object_id": "4", "object_repr": "Customer", "action_flag": 3, "change_message": ""}}, {"model": "admin.logentry", "pk": 74, "fields": {"action_time": "2025-02-11T21:07:09.213Z", "user": 2, "content_type": 4, "object_id": "5", "object_repr": "hattan", "action_flag": 3, "change_message": ""}}, {"model": "admin.logentry", "pk": 75, "fields": {"action_time": "2025-03-17T22:33:39.011Z", "user": 1, "content_type": 14, "object_id": "21", "object_repr": "test question", "action_flag": 1, "change_message": "[{\"added\": {}}]"}}, {"model": "admin.logentry", "pk": 76, "fields": {"action_time": "2025-03-17T22:33:48.521Z", "user": 1, "content_type": 14, "object_id": "21", "object_repr": "test question", "action_flag": 2, "change_message": "[{\"changed\": {\"fields\": [\"Question\"]}}]"}}, {"model": "admin.logentry", "pk": 77, "fields": {"action_time": "2025-03-17T22:43:02.923Z", "user": 1, "content_type": 14, "object_id": "22", "object_repr": "test q", "action_flag": 1, "change_message": "[{\"added\": {}}]"}}, {"model": "admin.logentry", "pk": 78, "fields": {"action_time": "2025-03-17T22:43:10.100Z", "user": 1, "content_type": 14, "object_id": "22", "object_repr": "test q", "action_flag": 2, "change_message": "[{\"changed\": {\"fields\": [\"Question\"]}}]"}}, {"model": "admin.logentry", "pk": 79, "fields": {"action_time": "2025-04-23T12:22:23.054Z", "user": 1, "content_type": 19, "object_id": "1", "object_repr": "Marketing Advice", "action_flag": 2, "change_message": "[{\"changed\": {\"fields\": [\"Description\"]}}]"}}, {"model": "admin.logentry", "pk": 80, "fields": {"action_time": "2025-04-23T12:22:37.219Z", "user": 1, "content_type": 19, "object_id": "1", "object_repr": "نصائح تسويقية", "action_flag": 2, "change_message": "[{\"changed\": {\"fields\": [\"Description\"]}}]"}}, {"model": "admin.logentry", "pk": 81, "fields": {"action_time": "2025-04-23T12:22:50.497Z", "user": 1, "content_type": 19, "object_id": "2", "object_repr": "Analysis", "action_flag": 2, "change_message": "[{\"changed\": {\"fields\": [\"Description\"]}}]"}}, {"model": "admin.logentry", "pk": 82, "fields": {"action_time": "2025-04-23T12:23:00.366Z", "user": 1, "content_type": 19, "object_id": "2", "object_repr": "تحليل", "action_flag": 2, "change_message": "[{\"changed\": {\"fields\": [\"Description\"]}}]"}}, {"model": "admin.logentry", "pk": 83, "fields": {"action_time": "2025-04-23T12:27:09.132Z", "user": 1, "content_type": 14, "object_id": "1", "object_repr": "ما النوع اللي تفكر تضيفه؟ مشروب؟ حلى؟ ولا شيء جديد كليًا؟", "action_flag": 2, "change_message": "[{\"changed\": {\"fields\": [\"Question\"]}}]"}}, {"model": "admin.logentry", "pk": 84, "fields": {"action_time": "2025-04-23T12:27:31.050Z", "user": 1, "content_type": 14, "object_id": "2", "object_repr": "حابّ أساعدك باقتراحات بناءً على مبيعاتك أو اللي ماشي بالسوق؟", "action_flag": 2, "change_message": "[{\"changed\": {\"fields\": [\"Question\"]}}]"}}, {"model": "admin.logentry", "pk": 85, "fields": {"action_time": "2025-04-23T12:27:56.898Z", "user": 1, "content_type": 14, "object_id": "3", "object_repr": "إلى متى ناوي تشغل العرض؟ أسبوع؟ شهر؟ ولا أطول؟", "action_flag": 2, "change_message": "[{\"changed\": {\"fields\": [\"Question\"]}}]"}}, {"model": "admin.logentry", "pk": 86, "fields": {"action_time": "2025-04-23T12:28:12.208Z", "user": 1, "content_type": 14, "object_id": "4", "object_repr": "في بالك عرض موسمي أو ثقافي؟ أو بس تبي فكرة حلوة تجذب الناس؟", "action_flag": 2, "change_message": "[{\"changed\": {\"fields\": [\"Question\"]}}]"}}, {"model": "admin.logentry", "pk": 87, "fields": {"action_time": "2025-04-23T12:28:38.203Z", "user": 1, "content_type": 14, "object_id": "5", "object_repr": "وش الجزء من خطتك التسويقية حابّ نبدأ فيه؟ نقدر نتكلم عن أي شيء تبيه.", "action_flag": 2, "change_message": "[{\"changed\": {\"fields\": [\"Question\"]}}]"}}, {"model": "admin.logentry", "pk": 88, "fields": {"action_time": "2025-04-23T12:29:02.221Z", "user": 1, "content_type": 14, "object_id": "6", "object_repr": "ما العنصر الذي لا يحقق الأداء المتوقع كما كنت تأمل؟", "action_flag": 2, "change_message": "[]"}}, {"model": "admin.logentry", "pk": 89, "fields": {"action_time": "2025-04-23T12:29:29.399Z", "user": 1, "content_type": 14, "object_id": "10", "object_repr": "هل تريد تقريرًا لفترة محددة، مثل الأسبوع الماضي أو الشهر الماضي؟", "action_flag": 2, "change_message": "[]"}}, {"model": "admin.logentry", "pk": 90, "fields": {"action_time": "2025-04-23T12:29:46.629Z", "user": 1, "content_type": 14, "object_id": "8", "object_repr": "تفكر تروّج في وقت معين؟ زي الصباح أو بعد المغرب؟", "action_flag": 2, "change_message": "[{\"changed\": {\"fields\": [\"Question\"]}}]"}}, {"model": "admin.logentry", "pk": 91, "fields": {"action_time": "2025-04-23T12:30:49.624Z", "user": 1, "content_type": 14, "object_id": "9", "object_repr": "هل ترغب في توصيات بناءً على اتجاهات مبيعاتك الحالية؟", "action_flag": 2, "change_message": "[]"}}, {"model": "admin.logentry", "pk": 92, "fields": {"action_time": "2025-04-23T12:31:15.976Z", "user": 1, "content_type": 14, "object_id": "10", "object_repr": "هل تريد تقريرًا لفترة محددة، مثل الأسبوع الماضي أو الشهر الماضي؟", "action_flag": 2, "change_message": "[]"}}, {"model": "admin.logentry", "pk": 93, "fields": {"action_time": "2025-04-23T12:31:56.852Z", "user": 1, "content_type": 14, "object_id": "11", "object_repr": "حاب تشوف ملخص عن المبيعات والتفضيلات؟ ولا تركّز على نقطة معيّنة؟", "action_flag": 2, "change_message": "[{\"changed\": {\"fields\": [\"Question\"]}}]"}}, {"model": "admin.logentry", "pk": 94, "fields": {"action_time": "2025-04-23T12:32:12.609Z", "user": 1, "content_type": 14, "object_id": "10", "object_repr": "تبي تقرير لفترة معينة؟ مثل الأسبوع اللي راح أو الشهر؟", "action_flag": 2, "change_message": "[{\"changed\": {\"fields\": [\"Question\"]}}]"}}, {"model": "admin.logentry", "pk": 95, "fields": {"action_time": "2025-04-23T12:34:25.733Z", "user": 1, "content_type": 14, "object_id": "9", "object_repr": "حاب أشاركك أفكار مبنية على مبيعاتك الحالية؟ ممكن تساعدك تاخذ قرار أسرع.", "action_flag": 2, "change_message": "[{\"changed\": {\"fields\": [\"Question\"]}}]"}}, {"model": "admin.logentry", "pk": 96, "fields": {"action_time": "2025-04-23T12:45:07.766Z", "user": 1, "content_type": 19, "object_id": "1", "object_repr": "Marketing Advice", "action_flag": 2, "change_message": "[{\"changed\": {\"fields\": [\"Description\"]}}]"}}, {"model": "admin.logentry", "pk": 97, "fields": {"action_time": "2025-04-23T12:45:17.806Z", "user": 1, "content_type": 19, "object_id": "1", "object_repr": "نصائح تسويقية", "action_flag": 2, "change_message": "[{\"changed\": {\"fields\": [\"Description\"]}}]"}}, {"model": "admin.logentry", "pk": 98, "fields": {"action_time": "2025-04-23T12:45:26.604Z", "user": 1, "content_type": 19, "object_id": "2", "object_repr": "Analysis", "action_flag": 2, "change_message": "[{\"changed\": {\"fields\": [\"Description\"]}}]"}}, {"model": "admin.logentry", "pk": 99, "fields": {"action_time": "2025-04-23T12:45:38.645Z", "user": 1, "content_type": 19, "object_id": "2", "object_repr": "تحليل", "action_flag": 2, "change_message": "[]"}}, {"model": "admin.logentry", "pk": 100, "fields": {"action_time": "2025-04-25T12:05:00.742Z", "user": 1, "content_type": 14, "object_id": "2", "object_repr": "Would you like suggestions based on current trends or insights from your sales data?", "action_flag": 2, "change_message": "[]"}}, {"model": "auth.permission", "pk": 1, "fields": {"name": "Can add log entry", "content_type": 1, "codename": "add_logentry"}}, {"model": "auth.permission", "pk": 2, "fields": {"name": "Can change log entry", "content_type": 1, "codename": "change_logentry"}}, {"model": "auth.permission", "pk": 3, "fields": {"name": "Can delete log entry", "content_type": 1, "codename": "delete_logentry"}}, {"model": "auth.permission", "pk": 4, "fields": {"name": "Can view log entry", "content_type": 1, "codename": "view_logentry"}}, {"model": "auth.permission", "pk": 5, "fields": {"name": "Can add permission", "content_type": 2, "codename": "add_permission"}}, {"model": "auth.permission", "pk": 6, "fields": {"name": "Can change permission", "content_type": 2, "codename": "change_permission"}}, {"model": "auth.permission", "pk": 7, "fields": {"name": "Can delete permission", "content_type": 2, "codename": "delete_permission"}}, {"model": "auth.permission", "pk": 8, "fields": {"name": "Can view permission", "content_type": 2, "codename": "view_permission"}}, {"model": "auth.permission", "pk": 9, "fields": {"name": "Can add group", "content_type": 3, "codename": "add_group"}}, {"model": "auth.permission", "pk": 10, "fields": {"name": "Can change group", "content_type": 3, "codename": "change_group"}}, {"model": "auth.permission", "pk": 11, "fields": {"name": "Can delete group", "content_type": 3, "codename": "delete_group"}}, {"model": "auth.permission", "pk": 12, "fields": {"name": "Can view group", "content_type": 3, "codename": "view_group"}}, {"model": "auth.permission", "pk": 13, "fields": {"name": "Can add user", "content_type": 4, "codename": "add_user"}}, {"model": "auth.permission", "pk": 14, "fields": {"name": "Can change user", "content_type": 4, "codename": "change_user"}}, {"model": "auth.permission", "pk": 15, "fields": {"name": "Can delete user", "content_type": 4, "codename": "delete_user"}}, {"model": "auth.permission", "pk": 16, "fields": {"name": "Can view user", "content_type": 4, "codename": "view_user"}}, {"model": "auth.permission", "pk": 17, "fields": {"name": "Can add content type", "content_type": 5, "codename": "add_contenttype"}}, {"model": "auth.permission", "pk": 18, "fields": {"name": "Can change content type", "content_type": 5, "codename": "change_contenttype"}}, {"model": "auth.permission", "pk": 19, "fields": {"name": "Can delete content type", "content_type": 5, "codename": "delete_contenttype"}}, {"model": "auth.permission", "pk": 20, "fields": {"name": "Can view content type", "content_type": 5, "codename": "view_contenttype"}}, {"model": "auth.permission", "pk": 21, "fields": {"name": "Can add session", "content_type": 6, "codename": "add_session"}}, {"model": "auth.permission", "pk": 22, "fields": {"name": "Can change session", "content_type": 6, "codename": "change_session"}}, {"model": "auth.permission", "pk": 23, "fields": {"name": "Can delete session", "content_type": 6, "codename": "delete_session"}}, {"model": "auth.permission", "pk": 24, "fields": {"name": "Can view session", "content_type": 6, "codename": "view_session"}}, {"model": "auth.permission", "pk": 25, "fields": {"name": "Can add users model", "content_type": 7, "codename": "add_usersmodel"}}, {"model": "auth.permission", "pk": 26, "fields": {"name": "Can change users model", "content_type": 7, "codename": "change_usersmodel"}}, {"model": "auth.permission", "pk": 27, "fields": {"name": "Can delete users model", "content_type": 7, "codename": "delete_usersmodel"}}, {"model": "auth.permission", "pk": 28, "fields": {"name": "Can view users model", "content_type": 7, "codename": "view_usersmodel"}}, {"model": "auth.permission", "pk": 29, "fields": {"name": "Can add category", "content_type": 8, "codename": "add_category"}}, {"model": "auth.permission", "pk": 30, "fields": {"name": "Can change category", "content_type": 8, "codename": "change_category"}}, {"model": "auth.permission", "pk": 31, "fields": {"name": "Can delete category", "content_type": 8, "codename": "delete_category"}}, {"model": "auth.permission", "pk": 32, "fields": {"name": "Can view category", "content_type": 8, "codename": "view_category"}}, {"model": "auth.permission", "pk": 33, "fields": {"name": "Can add subcategory", "content_type": 9, "codename": "add_subcategory"}}, {"model": "auth.permission", "pk": 34, "fields": {"name": "Can change subcategory", "content_type": 9, "codename": "change_subcategory"}}, {"model": "auth.permission", "pk": 35, "fields": {"name": "Can delete subcategory", "content_type": 9, "codename": "delete_subcategory"}}, {"model": "auth.permission", "pk": 36, "fields": {"name": "Can view subcategory", "content_type": 9, "codename": "view_subcategory"}}, {"model": "auth.permission", "pk": 37, "fields": {"name": "Can add question", "content_type": 10, "codename": "add_question"}}, {"model": "auth.permission", "pk": 38, "fields": {"name": "Can change question", "content_type": 10, "codename": "change_question"}}, {"model": "auth.permission", "pk": 39, "fields": {"name": "Can delete question", "content_type": 10, "codename": "delete_question"}}, {"model": "auth.permission", "pk": 40, "fields": {"name": "Can view question", "content_type": 10, "codename": "view_question"}}, {"model": "auth.permission", "pk": 41, "fields": {"name": "Can add Question", "content_type": 14, "codename": "add_question"}}, {"model": "auth.permission", "pk": 42, "fields": {"name": "Can change Question", "content_type": 14, "codename": "change_question"}}, {"model": "auth.permission", "pk": 43, "fields": {"name": "Can delete Question", "content_type": 14, "codename": "delete_question"}}, {"model": "auth.permission", "pk": 44, "fields": {"name": "Can view Question", "content_type": 14, "codename": "view_question"}}, {"model": "auth.permission", "pk": 45, "fields": {"name": "Can add Subcategory", "content_type": 15, "codename": "add_subcategory"}}, {"model": "auth.permission", "pk": 46, "fields": {"name": "Can change Subcategory", "content_type": 15, "codename": "change_subcategory"}}, {"model": "auth.permission", "pk": 47, "fields": {"name": "Can delete Subcategory", "content_type": 15, "codename": "delete_subcategory"}}, {"model": "auth.permission", "pk": 48, "fields": {"name": "Can view Subcategory", "content_type": 15, "codename": "view_subcategory"}}, {"model": "auth.permission", "pk": 49, "fields": {"name": "Can add Category", "content_type": 19, "codename": "add_category"}}, {"model": "auth.permission", "pk": 50, "fields": {"name": "Can change Category", "content_type": 19, "codename": "change_category"}}, {"model": "auth.permission", "pk": 51, "fields": {"name": "Can delete Category", "content_type": 19, "codename": "delete_category"}}, {"model": "auth.permission", "pk": 52, "fields": {"name": "Can view Category", "content_type": 19, "codename": "view_category"}}, {"model": "auth.permission", "pk": 53, "fields": {"name": "Can add Daily Advice", "content_type": 20, "codename": "add_dailyadvice"}}, {"model": "auth.permission", "pk": 54, "fields": {"name": "Can change Daily Advice", "content_type": 20, "codename": "change_dailyadvice"}}, {"model": "auth.permission", "pk": 55, "fields": {"name": "Can delete Daily Advice", "content_type": 20, "codename": "delete_dailyadvice"}}, {"model": "auth.permission", "pk": 56, "fields": {"name": "Can view Daily Advice", "content_type": 20, "codename": "view_dailyadvice"}}, {"model": "auth.permission", "pk": 57, "fields": {"name": "Can add user profile", "content_type": 22, "codename": "add_userprofile"}}, {"model": "auth.permission", "pk": 58, "fields": {"name": "Can change user profile", "content_type": 22, "codename": "change_userprofile"}}, {"model": "auth.permission", "pk": 59, "fields": {"name": "Can delete user profile", "content_type": 22, "codename": "delete_userprofile"}}, {"model": "auth.permission", "pk": 60, "fields": {"name": "Can view user profile", "content_type": 22, "codename": "view_userprofile"}}, {"model": "auth.permission", "pk": 61, "fields": {"name": "Can add area", "content_type": 23, "codename": "add_area"}}, {"model": "auth.permission", "pk": 62, "fields": {"name": "Can change area", "content_type": 23, "codename": "change_area"}}, {"model": "auth.permission", "pk": 63, "fields": {"name": "Can delete area", "content_type": 23, "codename": "delete_area"}}, {"model": "auth.permission", "pk": 64, "fields": {"name": "Can view area", "content_type": 23, "codename": "view_area"}}, {"model": "auth.permission", "pk": 65, "fields": {"name": "Can add city", "content_type": 24, "codename": "add_city"}}, {"model": "auth.permission", "pk": 66, "fields": {"name": "Can change city", "content_type": 24, "codename": "change_city"}}, {"model": "auth.permission", "pk": 67, "fields": {"name": "Can delete city", "content_type": 24, "codename": "delete_city"}}, {"model": "auth.permission", "pk": 68, "fields": {"name": "Can view city", "content_type": 24, "codename": "view_city"}}, {"model": "auth.permission", "pk": 69, "fields": {"name": "Can add Event", "content_type": 26, "codename": "add_event"}}, {"model": "auth.permission", "pk": 70, "fields": {"name": "Can change Event", "content_type": 26, "codename": "change_event"}}, {"model": "auth.permission", "pk": 71, "fields": {"name": "Can delete Event", "content_type": 26, "codename": "delete_event"}}, {"model": "auth.permission", "pk": 72, "fields": {"name": "Can view Event", "content_type": 26, "codename": "view_event"}}, {"model": "auth.permission", "pk": 73, "fields": {"name": "Can add user profile", "content_type": 27, "codename": "add_userprofile"}}, {"model": "auth.permission", "pk": 74, "fields": {"name": "Can change user profile", "content_type": 27, "codename": "change_userprofile"}}, {"model": "auth.permission", "pk": 75, "fields": {"name": "Can delete user profile", "content_type": 27, "codename": "delete_userprofile"}}, {"model": "auth.permission", "pk": 76, "fields": {"name": "Can view user profile", "content_type": 27, "codename": "view_userprofile"}}, {"model": "auth.permission", "pk": 77, "fields": {"name": "Can add area", "content_type": 28, "codename": "add_area"}}, {"model": "auth.permission", "pk": 78, "fields": {"name": "Can change area", "content_type": 28, "codename": "change_area"}}, {"model": "auth.permission", "pk": 79, "fields": {"name": "Can delete area", "content_type": 28, "codename": "delete_area"}}, {"model": "auth.permission", "pk": 80, "fields": {"name": "Can view area", "content_type": 28, "codename": "view_area"}}, {"model": "auth.permission", "pk": 81, "fields": {"name": "Can add city", "content_type": 29, "codename": "add_city"}}, {"model": "auth.permission", "pk": 82, "fields": {"name": "Can change city", "content_type": 29, "codename": "change_city"}}, {"model": "auth.permission", "pk": 83, "fields": {"name": "Can delete city", "content_type": 29, "codename": "delete_city"}}, {"model": "auth.permission", "pk": 84, "fields": {"name": "Can view city", "content_type": 29, "codename": "view_city"}}, {"model": "auth.group", "pk": 2, "fields": {"name": "normal_user", "permissions": []}}, {"model": "auth.group", "pk": 3, "fields": {"name": "admins", "permissions": []}}, {"model": "auth.user", "pk": 1, "fields": {"password": "pbkdf2_sha256$870000$KHkj8x3oykSfv1uU8DtgLU$hE1AgaplGEsiNXcdnVphftQ2ysEgsns3lo6fcmKg+58=", "last_login": "2025-05-07T05:44:31.328Z", "is_superuser": true, "username": "admin", "first_name": "", "last_name": "", "email": "admin@example.com", "is_staff": true, "is_active": true, "date_joined": "2025-01-31T14:18:19Z", "groups": [3], "user_permissions": []}}, {"model": "auth.user", "pk": 2, "fields": {"password": "pbkdf2_sha256$870000$isSpGotoas6SPICLTZhno9$yv747OMf9Ni27DsvktlG58rtA08f3k3WOO4B8XazoLo=", "last_login": "2025-05-06T17:39:21.803Z", "is_superuser": true, "username": "tala", "first_name": "", "last_name": "", "email": "tala@gmail.com", "is_staff": true, "is_active": true, "date_joined": "2025-02-10T21:45:49Z", "groups": [3], "user_permissions": []}}, {"model": "auth.user", "pk": 3, "fields": {"password": "pbkdf2_sha256$870000$KeQF8t9aNEamJzYhSkfKPP$u2ffpEzUo/D0h71yhJ20IypS9t2jJEFiOVNWrwfqHtI=", "last_login": "2025-02-11T19:02:39Z", "is_superuser": false, "username": "ban", "first_name": "", "last_name": "", "email": "ban@gmail.com", "is_staff": false, "is_active": true, "date_joined": "2025-02-10T22:34:25Z", "groups": [2], "user_permissions": []}}, {"model": "auth.user", "pk": 4, "fields": {"password": "pbkdf2_sha256$870000$yAQKz6XN0eJC752ALNiRcM$bLkOg2LoNUHJZy7bhwpcjjL+FHaHUNUlcVFOQki3iGg=", "last_login": "2025-02-11T19:33:36Z", "is_superuser": false, "username": "lolo", "first_name": "", "last_name": "", "email": "lo@gmail.com", "is_staff": false, "is_active": true, "date_joined": "2025-02-11T19:33:20Z", "groups": [2], "user_permissions": []}}, {"model": "auth.user", "pk": 6, "fields": {"password": "pbkdf2_sha256$870000$cFpesUhZbKspTvcJsC4X8f$FCF09H3WKxi6DeHYRBx85Lo2r5/JxSk+xzfyJUNT4Hk=", "last_login": "2025-02-13T14:39:03.036Z", "is_superuser": false, "username": "hattan", "first_name": "", "last_name": "", "email": "hat@gmail.com", "is_staff": false, "is_active": true, "date_joined": "2025-02-11T21:07:41.277Z", "groups": [2], "user_permissions": []}}, {"model": "auth.user", "pk": 7, "fields": {"password": "pbkdf2_sha256$870000$vvbcxfOaeCnt29wvxGDAzB$+nqnc1fjbPgc0YM1BXukRYZb+TG9rhLpbSh15wzLiWU=", "last_login": "2025-02-12T17:05:15.553Z", "is_superuser": false, "username": "test", "first_name": "", "last_name": "", "email": "tt@gmail.com", "is_staff": false, "is_active": true, "date_joined": "2025-02-12T17:05:15.366Z", "groups": [2], "user_permissions": []}}, {"model": "auth.user", "pk": 8, "fields": {"password": "pbkdf2_sha256$870000$r4BajVbWOa89DWRgTAKyij$M8hTGGTliRPUnwBKDJPaKryMaPPZt0v5n76cFb+7siw=", "last_login": "2025-02-12T19:07:14.952Z", "is_superuser": false, "username": "randah", "first_name": "", "last_name": "", "email": "rand@gmail.com", "is_staff": false, "is_active": true, "date_joined": "2025-02-12T19:07:14.772Z", "groups": [2], "user_permissions": []}}, {"model": "auth.user", "pk": 9, "fields": {"password": "pbkdf2_sha256$870000$GWQ0RZWPO8xmlD9poiKgP1$gf4wBd2kfyNjG4K4Fv4PSxVWHbxQr6NG0fdaKNBQpyE=", "last_login": "2025-02-13T14:36:28.761Z", "is_superuser": false, "username": "tahani", "first_name": "", "last_name": "", "email": "tote@gmail.com", "is_staff": false, "is_active": true, "date_joined": "2025-02-13T14:36:28.589Z", "groups": [2], "user_permissions": []}}, {"model": "auth.user", "pk": 10, "fields": {"password": "pbkdf2_sha256$870000$Z6rLVPxsYPIhVZ9acFkaZV$6lx1q9HTzWlhO0Vxq9x4Xe5YZ6UKmInXWt5V0F96kws=", "last_login": "2025-02-14T21:22:11.335Z", "is_superuser": false, "username": "jumanah", "first_name": "", "last_name": "", "email": "juju@gmail.com", "is_staff": false, "is_active": true, "date_joined": "2025-02-14T18:56:19.318Z", "groups": [2], "user_permissions": []}}, {"model": "auth.user", "pk": 11, "fields": {"password": "pbkdf2_sha256$870000$5ic3BWkTOAinI1ucnlgNSM$JlHEbcGet+FPZz1TqGhUVdAA2gh+0mhvuQvvYeWFJK0=", "last_login": "2025-03-19T07:27:15.160Z", "is_superuser": false, "username": "1shatha", "first_name": "", "last_name": "", "email": "shatha@gmail.com", "is_staff": false, "is_active": true, "date_joined": "2025-02-14T22:18:54.737Z", "groups": [2], "user_permissions": []}}, {"model": "auth.user", "pk": 12, "fields": {"password": "pbkdf2_sha256$870000$W6v6nANzn8niFYW2B0w9Yo$0j5G0OuxfIguiXpgLoQj4+gG2uVQmG7vWa+LKIopKKg=", "last_login": "2025-04-25T21:15:28.007Z", "is_superuser": false, "username": "juju", "first_name": "", "last_name": "", "email": "juju@gmail.com", "is_staff": false, "is_active": true, "date_joined": "2025-03-10T23:21:33.909Z", "groups": [2], "user_permissions": []}}, {"model": "auth.user", "pk": 13, "fields": {"password": "pbkdf2_sha256$870000$8JdHzpunCOAPgkq2pPNW2j$KQuQPobcGl1cPOUnccEh43ko7rFFfrOkXr1I8+3R+Xo=", "last_login": "2025-03-16T04:53:54.540Z", "is_superuser": false, "username": "testsettings", "first_name": "", "last_name": "", "email": "test@gmail.com", "is_staff": false, "is_active": true, "date_joined": "2025-03-12T05:30:47.400Z", "groups": [2], "user_permissions": []}}, {"model": "auth.user", "pk": 14, "fields": {"password": "pbkdf2_sha256$870000$7zVeAIPK7C7rRJSOEe6fPc$8g7SDb5VwX3yOwFcGJBKjDCue5dFmznlMGgCAxGFyB0=", "last_login": "2025-03-12T06:13:22.536Z", "is_superuser": false, "username": "test2", "first_name": "", "last_name": "", "email": "test2@gmail.com", "is_staff": false, "is_active": true, "date_joined": "2025-03-12T06:12:13.813Z", "groups": [2], "user_permissions": []}}, {"model": "auth.user", "pk": 15, "fields": {"password": "pbkdf2_sha256$870000$7aTUoLkelelGrjq9HMbhpK$ytKMuMj3fZChftZX4XSfm/4xlYEbaWrwBfqHMh979wY=", "last_login": "2025-03-12T06:20:14.024Z", "is_superuser": false, "username": "test3", "first_name": "", "last_name": "", "email": "test3@gmail.com", "is_staff": false, "is_active": true, "date_joined": "2025-03-12T06:15:35.065Z", "groups": [2], "user_permissions": []}}, {"model": "auth.user", "pk": 16, "fields": {"password": "pbkdf2_sha256$870000$k0lcPAKzGUICwt797vQCOz$8QdaQ0TS8Hn7yg2dgcvJFz4aoNet+5CQ9ZD4z/nR6mA=", "last_login": "2025-03-19T07:41:06.981Z", "is_superuser": false, "username": "testupdate1", "first_name": "", "last_name": "", "email": "lastone1@gmail.com", "is_staff": false, "is_active": true, "date_joined": "2025-03-12T06:20:52.319Z", "groups": [2], "user_permissions": []}}, {"model": "auth.user", "pk": 17, "fields": {"password": "pbkdf2_sha256$870000$6gx1TxMXWWFQ3qxS7DnG5F$mTFf9dYKBAjBPVTtjPGOfCguSzt6IDlnk/QF8rVRTSM=", "last_login": "2025-03-15T04:04:41.449Z", "is_superuser": false, "username": "test5", "first_name": "", "last_name": "", "email": "test5@gmail.com", "is_staff": false, "is_active": true, "date_joined": "2025-03-15T04:04:41.185Z", "groups": [2], "user_permissions": []}}, {"model": "auth.user", "pk": 18, "fields": {"password": "pbkdf2_sha256$870000$KHkj8x3oykSfv1uU8DtgLU$hE1AgaplGEsiNXcdnVphftQ2ysEgsns3lo6fcmKg+58=", "last_login": "2025-03-15T04:25:30.048Z", "is_superuser": false, "username": "test6", "first_name": "", "last_name": "", "email": "test6@example.com", "is_staff": false, "is_active": true, "date_joined": "2025-03-15T04:17:36.230Z", "groups": [2], "user_permissions": []}}, {"model": "auth.user", "pk": 19, "fields": {"password": "pbkdf2_sha256$870000$XfeAy5F2cyarjBwNt1oV8e$5RioeT0beQwWq10HodKXMKeC+e5f3l4945qEwECoH0A=", "last_login": "2025-03-15T06:49:05.903Z", "is_superuser": false, "username": "test7", "first_name": "", "last_name": "", "email": "test@gmail.com", "is_staff": false, "is_active": true, "date_joined": "2025-03-15T06:14:23.259Z", "groups": [2], "user_permissions": []}}, {"model": "auth.user", "pk": 20, "fields": {"password": "pbkdf2_sha256$870000$Z7AURLJPqIuVaW2DmSuiKc$917mq4RBy20gQypvJesacJ4v6oLrx+Qwf+/W6aJdDDk=", "last_login": "2025-03-17T21:34:34.567Z", "is_superuser": false, "username": "user1", "first_name": "", "last_name": "", "email": "J.almatrud@icloud.com", "is_staff": false, "is_active": true, "date_joined": "2025-03-17T21:34:34.318Z", "groups": [2], "user_permissions": []}}, {"model": "auth.user", "pk": 21, "fields": {"password": "pbkdf2_sha256$870000$x338AlQ86VQW1HzkAlVCuB$VDKDQ2b3GKGDiNa4M70mRROxyLWBTFErkXNr6eo8TmQ=", "last_login": "2025-03-17T21:35:20.071Z", "is_superuser": false, "username": "user2", "first_name": "", "last_name": "", "email": "shatha7nafel@hotmail.com", "is_staff": false, "is_active": true, "date_joined": "2025-03-17T21:35:19.815Z", "groups": [2], "user_permissions": []}}, {"model": "auth.user", "pk": 22, "fields": {"password": "pbkdf2_sha256$870000$YOJZlo2Fj3DcODOLVKC5mb$OvoJGLCV1IxuR7fb65PvLLJXYRpwkvffkFxB08fCJ2c=", "last_login": "2025-03-17T21:35:59.694Z", "is_superuser": false, "username": "user3", "first_name": "", "last_name": "", "email": "user3@gma.od", "is_staff": false, "is_active": true, "date_joined": "2025-03-17T21:35:59.433Z", "groups": [2], "user_permissions": []}}, {"model": "auth.user", "pk": 23, "fields": {"password": "pbkdf2_sha256$870000$rarOG2BInY5f6e44sn1sai$TmN+H4Ew1EqCx2KUmYqkZHRv4AFEFoJguFmFfm9ON80=", "last_login": "2025-03-18T18:27:59.038Z", "is_superuser": false, "username": "test8", "first_name": "", "last_name": "", "email": "test@gmail.com", "is_staff": false, "is_active": true, "date_joined": "2025-03-18T18:27:58.776Z", "groups": [2], "user_permissions": []}}, {"model": "auth.user", "pk": 24, "fields": {"password": "pbkdf2_sha256$870000$5M7QWrO306VID40jQWi0PU$uq7zg+rW9plFpt1W6ggU2D3joY2aQ2SwbW9mBNxuYJY=", "last_login": "2025-04-22T13:14:08.406Z", "is_superuser": false, "username": "tote", "first_name": "", "last_name": "", "email": "talakutt@gmail.com", "is_staff": false, "is_active": true, "date_joined": "2025-03-24T05:37:42.606Z", "groups": [2], "user_permissions": []}}, {"model": "auth.user", "pk": 25, "fields": {"password": "pbkdf2_sha256$870000$aUFwGbpNMmcFW8LyxgUKFz$tQ/eUJ7lCnkkotHcQKsDbQ9ontzu0zyEumL+0D8gk7s=", "last_login": "2025-04-05T00:12:03.008Z", "is_superuser": false, "username": "raso", "first_name": "", "last_name": "", "email": "raso@gmail.com", "is_staff": false, "is_active": true, "date_joined": "2025-04-05T00:12:02.822Z", "groups": [2], "user_permissions": []}}, {"model": "auth.user", "pk": 26, "fields": {"password": "pbkdf2_sha256$870000$FJXFCBoKwzK0Ike5KKbFuk$q6rRmWDdB/tknF3LoOXYXTXWkLM0MXqyfEfmevyrL2s=", "last_login": "2025-04-05T07:11:02.307Z", "is_superuser": false, "username": "rasha", "first_name": "", "last_name": "", "email": "rasha@gmail.com", "is_staff": false, "is_active": true, "date_joined": "2025-04-05T07:11:02.122Z", "groups": [2], "user_permissions": []}}, {"model": "auth.user", "pk": 27, "fields": {"password": "pbkdf2_sha256$870000$zSESdKciKFw063DLdFeZwE$4N8K9YBt/tCUuiU7r/97n9v8dBZ3d0YiuazAn12WHZs=", "last_login": "2025-04-05T07:33:28.261Z", "is_superuser": false, "username": "re", "first_name": "", "last_name": "", "email": "rtrre@gmail.com", "is_staff": false, "is_active": true, "date_joined": "2025-04-05T07:33:28.080Z", "groups": [2], "user_permissions": []}}, {"model": "auth.user", "pk": 28, "fields": {"password": "pbkdf2_sha256$870000$QwNjINM6FoiNRmfAwLOVFt$KNpK/xAl+593CtHrmWYcWtH8vbov9SBwUX64gDH7Cnk=", "last_login": "2025-04-05T20:48:32.464Z", "is_superuser": false, "username": "tote33", "first_name": "", "last_name": "", "email": "talakutt@gmail.com", "is_staff": false, "is_active": true, "date_joined": "2025-04-05T20:48:32.276Z", "groups": [2], "user_permissions": []}}, {"model": "auth.user", "pk": 29, "fields": {"password": "pbkdf2_sha256$870000$Y7HLbyYlkRrd81K9Fl8r1g$J4DfyOzPIiKSSonr3+pLrh0enQl6ew/TWOBLk8RdyCk=", "last_login": "2025-04-19T14:14:10.534Z", "is_superuser": false, "username": "jumanah1", "first_name": "", "last_name": "", "email": "goman1423@gmail.com", "is_staff": false, "is_active": true, "date_joined": "2025-04-18T17:13:29.275Z", "groups": [2], "user_permissions": []}}, {"model": "auth.user", "pk": 30, "fields": {"password": "pbkdf2_sha256$870000$1yQK7GoEDrrNAdGOtuo39S$zfoJ8z1fmxMuCmGZDWzhrEmB7SMjCEf/DqSLikL7bXg=", "last_login": "2025-04-23T16:40:37.696Z", "is_superuser": false, "username": "fileuploadtest", "first_name": "", "last_name": "", "email": "test@gmail.com", "is_staff": false, "is_active": true, "date_joined": "2025-04-23T15:41:06.661Z", "groups": [2], "user_permissions": []}}, {"model": "contenttypes.contenttype", "pk": 1, "fields": {"app_label": "admin", "model": "logentry"}}, {"model": "contenttypes.contenttype", "pk": 2, "fields": {"app_label": "auth", "model": "permission"}}, {"model": "contenttypes.contenttype", "pk": 3, "fields": {"app_label": "auth", "model": "group"}}, {"model": "contenttypes.contenttype", "pk": 4, "fields": {"app_label": "auth", "model": "user"}}, {"model": "contenttypes.contenttype", "pk": 5, "fields": {"app_label": "contenttypes", "model": "contenttype"}}, {"model": "contenttypes.contenttype", "pk": 6, "fields": {"app_label": "sessions", "model": "session"}}, {"model": "contenttypes.contenttype", "pk": 7, "fields": {"app_label": "users_app", "model": "usersmodel"}}, {"model": "contenttypes.contenttype", "pk": 8, "fields": {"app_label": "chatbot", "model": "category"}}, {"model": "contenttypes.contenttype", "pk": 9, "fields": {"app_label": "chatbot", "model": "subcategory"}}, {"model": "contenttypes.contenttype", "pk": 10, "fields": {"app_label": "chatbot", "model": "question"}}, {"model": "contenttypes.contenttype", "pk": 11, "fields": {"app_label": "chatbot", "model": "categorytranslation"}}, {"model": "contenttypes.contenttype", "pk": 12, "fields": {"app_label": "chatbot", "model": "questiontranslation"}}, {"model": "contenttypes.contenttype", "pk": 13, "fields": {"app_label": "chatbot", "model": "subcategorytranslation"}}, {"model": "contenttypes.contenttype", "pk": 14, "fields": {"app_label": "promotions", "model": "question"}}, {"model": "contenttypes.contenttype", "pk": 15, "fields": {"app_label": "promotions", "model": "subcategory"}}, {"model": "contenttypes.contenttype", "pk": 16, "fields": {"app_label": "promotions", "model": "categorytranslation"}}, {"model": "contenttypes.contenttype", "pk": 17, "fields": {"app_label": "promotions", "model": "subcategorytranslation"}}, {"model": "contenttypes.contenttype", "pk": 18, "fields": {"app_label": "promotions", "model": "questiontranslation"}}, {"model": "contenttypes.contenttype", "pk": 19, "fields": {"app_label": "promotions", "model": "category"}}, {"model": "contenttypes.contenttype", "pk": 20, "fields": {"app_label": "promotions", "model": "dailyadvice"}}, {"model": "contenttypes.contenttype", "pk": 21, "fields": {"app_label": "promotions", "model": "dailyadvicetranslation"}}, {"model": "contenttypes.contenttype", "pk": 22, "fields": {"app_label": "authentication_app", "model": "userprofile"}}, {"model": "contenttypes.contenttype", "pk": 23, "fields": {"app_label": "authentication_app", "model": "area"}}, {"model": "contenttypes.contenttype", "pk": 24, "fields": {"app_label": "authentication_app", "model": "city"}}, {"model": "contenttypes.contenttype", "pk": 25, "fields": {"app_label": "promotions", "model": "eventtranslation"}}, {"model": "contenttypes.contenttype", "pk": 26, "fields": {"app_label": "promotions", "model": "event"}}, {"model": "contenttypes.contenttype", "pk": 27, "fields": {"app_label": "authentication", "model": "userprofile"}}, {"model": "contenttypes.contenttype", "pk": 28, "fields": {"app_label": "authentication", "model": "area"}}, {"model": "contenttypes.contenttype", "pk": 29, "fields": {"app_label": "authentication", "model": "city"}}, {"model": "sessions.session", "pk": "0doyqij442yzp3hfpth8r5f394afqdlo", "fields": {"session_data": ".eJxVjjkOwyAURO9CHSEb88GkTJ8zIOCPl8TCkpcqyt2DFRdJM8UsT_MSPuzb4PcVix9ZXIXS4vJrxpCeyEfCj5D7WaY5b8sY5VGRZ7rK-8yYbmf3DzCEdSjraJAasqazrXYEZgNXcdSK6goR0RpC11ByLbmWVagsak1G2w6KiOoC_R7wU9E99ChQZPH-AHGPP6A:1u4rHE:2TqBG2TSPKKqOp36IDnFh8q3o1VTfYm1INlQpI42ncA", "expire_date": "2025-04-30T01:09:20.164Z"}}, {"model": "sessions.session", "pk": "0l2tib97q125k4sj5ycwnf1sb7p8r29m", "fields": {"session_data": ".eJxVjMsOwiAQRf-FtSEdymPq0r3fQIYBpGogKe3K-O_apAvd3nPOfQlP21r81tPi5yjOAsTpdwvEj1R3EO9Ub01yq-syB7kr8qBdXltMz8vh_h0U6uVbK4xW5YRG5yFnC2xQEzueNCIFxjxotoAmAIByTNOII2hrkQGcCSjeH9zeNyM:1u91tY:Wd4oi13gjLs0R2lX_sC3_KQVF1WCyXfGOsDgW3AenJA", "expire_date": "2025-05-11T13:18:08.211Z"}}, {"model": "sessions.session", "pk": "1q5ic4xygyw606f1yxribnnlyg3igtpf", "fields": {"session_data": ".eJxVjk0OgyAQhe_CuiEOAo5ddt8zkGEAtTWYiK6a3r2Yumg3b_F-vryXcLRvo9tLXN0UxFWAuPx6nvgZ8xGEB-VhkbzkbZ28PCryTIu8LyHOt7P7BxipjHWtMFiVIhqdmpQssEFN3HGvEckzpkazBTQeAFTH1LfYgrYWGaAzHiv0e8DNVXcaYoXSKt4fLps--g:1u5V6l:h6ZmswP8TMKIqs3a0W_46eMMEoccmLq1dgCp0IAv7Ms", "expire_date": "2025-05-01T19:41:11.669Z"}}, {"model": "sessions.session", "pk": "43o9r3v2pdk9yu5hvk271qvdk8amco5r", "fields": {"session_data": ".eJxVjEEOwiAQRe_C2hAEWsCl-56BzMCMVA0kpV0Z765NutDtf-_9l4iwrSVunZY4Z3ERWpx-N4T0oLqDfId6azK1ui4zyl2RB-1yapme18P9OyjQy7dGG8g7YPCOUVkwlrWyOhGanHwwagg0omNNw2gtkPd8VpmDAsqGtRHvD_hMOGw:1tiaNF:j6k2aa09H7P415tn4UNjIw6f60DTTKVxzvedduUa_W8", "expire_date": "2025-02-27T14:39:29.881Z"}}, {"model": "sessions.session", "pk": "4i934gk2uylrervnvs5hrj3hngu6nyj7", "fields": {"session_data": "eyJkamFuZ29fbGFuZ3VhZ2UiOiJlbiJ9:1th459:IF3-5pQSZCUC_CTPBF-x-ivSzHew0Gmh3CHDY_-WuX4", "expire_date": "2025-02-23T09:58:31.010Z"}}, {"model": "sessions.session", "pk": "4jz4i6l4n88x9u9x8msa0gsmnrmicyb0", "fields": {"session_data": ".eJxVjMsOwiAQRf-FtSE8BgGX7vsNZGBAqgaS0q6M_65NutDtPefcFwu4rTVsIy9hJnZhkp1-t4jpkdsO6I7t1nnqbV3myHeFH3TwqVN-Xg_376DiqN_ag1HCyWxAa6esI0oepHHnrIt1YBCct94orzQkaQWhoKRQJCgFTY7s_QGgcTby:1tj3G9:eJr7mevGD6g9b1tl4MEPqsFB_LEDHxr_XaMsV6xH7js", "expire_date": "2025-02-28T21:30:05.673Z"}}, {"model": "sessions.session", "pk": "4lj8dm7xc2mmebhgg2zfk1l3y6p28pgq", "fields": {"session_data": ".eJxVjMsOwiAQRf-FtSEdymPq0r3fQIYBpGogKe3K-O_apAvd3nPOfQlP21r81tPi5yjOAsTpdwvEj1R3EO9Ub01yq-syB7kr8qBdXltMz8vh_h0U6uVbK4xW5YRG5yFnC2xQEzueNCIFxjxotoAmAIByTNOII2hrkQGcCSjeH9zeNyM:1uAFN9:6eGZArIfCBcqE0_ALmImYXsh0zaIBjH3WEhbiTISHZE", "expire_date": "2025-05-14T21:53:43.793Z"}}, {"model": "sessions.session", "pk": "4zopc5drokrf41h1bw5hjx6uubqwm3b4", "fields": {"session_data": ".eJxVjMsOwiAQRf-FtSEdymPq0r3fQIYBpGogKe3K-O_apAvd3nPOfQlP21r81tPi5yjOAsTpdwvEj1R3EO9Ub01yq-syB7kr8qBdXltMz8vh_h0U6uVbK4xW5YRG5yFnC2xQEzueNCIFxjxotoAmAIByTNOII2hrkQGcCSjeH9zeNyM:1u3ezT:VPJVgnwJ3sSU7XGxHSHMa-AhKHfsOLnllB2bibf_LZI", "expire_date": "2025-04-26T17:50:03.689Z"}}, {"model": "sessions.session", "pk": "5i6mv81tzuz14x2914pz8pxsoy79dqgh", "fields": {"session_data": ".eJxVjk0OgyAQhe_CuiEOAo5ddt8zkGEAtTWYiK6a3r2Yumg3b_F-vryXcLRvo9tLXN0UxFWAuPx6nvgZ8xGEB-VhkbzkbZ28PCryTIu8LyHOt7P7BxipjHWtMFiVIhqdmpQssEFN3HGvEckzpkazBTQeAFTH1LfYgrYWGaAzHiv0e8DNVXcaYoXSKt4fLps--g:1u41wM:ZH5bGR1sLeI9e_GebmTB7eYYuJlKVi3E3GDCw96Ez_g", "expire_date": "2025-04-27T18:20:22.130Z"}}, {"model": "sessions.session", "pk": "7784unlk3ovs3z3xlu8pn9n8tw23qe7d", "fields": {"session_data": ".eJxVjr0OwjAMhN8lM6rqkKQuIztvgBQ5TtIWqlZqmwEh3p30Z4Dlk313PvktLKWltWkOk-28uAgQp1_NET_DsBr-QUMzFjwOy9S5Yo0UhzsXt9GH_npk_wpamtt8LdEbGQNqFcsYDbBGRVxxrRDJMcZSsQHUDgBkxVSf8QzKGGSASjvMpfsDts9M1IRcSlOWmZbQjNMr7_dUGkkb_UqlNtI-i88XK3RL5w:1u5QL0:WI8W9mTs2uJiknRoda4j_f5rfOyegONQGYwIb0SkyGg", "expire_date": "2025-05-01T14:35:34.608Z"}}, {"model": "sessions.session", "pk": "ef0f97hc3erhz0twvp39wb8rdhwfkv4v", "fields": {"session_data": "e30:1tiG3x:3oBKXYAcTyPSiWYy9D9RbYbWeWDBiiJOEj1-e_mwh3Q", "expire_date": "2025-02-26T16:58:13.658Z"}}, {"model": "sessions.session", "pk": "etnbzfd5qd5iyk9puqiwu92ri15jywrt", "fields": {"session_data": ".eJxVjMsOwiAQRf-FtSE8BgGX7vsNZGBAqgaS0q6M_65NutDtPefcFwu4rTVsIy9hJnZhkp1-t4jpkdsO6I7t1nnqbV3myHeFH3TwqVN-Xg_376DiqN_ag1HCyWxAa6esI0oepHHnrIt1YBCct94orzQkaQWhoKRQJCgFTY7s_QGgcTby:1ttg11:igjee4hAzrMeUUNG2jHfUj-A1M7hXzKusjq7RcvUJeM", "expire_date": "2025-03-30T04:54:23.726Z"}}, {"model": "sessions.session", "pk": "ev7dwj71o9dpvsux8m7f7xgwd47ogjq6", "fields": {"session_data": ".eJxVjMsOwiAQRf-FtSEdymPq0r3fQIYBpGogKe3K-O_apAvd3nPOfQlP21r81tPi5yjOAlCcfsdA_Eh1J_FO9dYkt7ouc5C7Ig_a5bXF9Lwc7t9BoV6-tcJoVU5odB5ytsAGNbHjSSNSYMyDZgtoAgAoxzSNOIK2FhnAmYDi_QEFDTdb:1ttIxs:PkX5yXMfy44kFc68hZVZ-fKEtnXDsalADAmI9j0pKlM", "expire_date": "2025-03-29T04:17:36.502Z"}}, {"model": "sessions.session", "pk": "fc1p5ekzos6ptufvj62v8sh5dx3ln84g", "fields": {"session_data": ".eJxVjk0OgyAQhe_CuiGAU9Auu_cMZBhGsTWYiKya3r2aumg3b_F-vryX8Fi35Gvh1U9R3IQ24vJrBqQn5yOJD8zjImnJ2zoFeVTkmRbZL5Hn-9n9AyQsaV8jdwMMCozG4BSCZmsDOAOBomssWE1tpxyoOEQFpC1jMMhXA0i2aWmHfg_4edeKIx_QVbw_bn0_8g:1trmlm:tBphHgZWms1i7rSX3eW2NnTfXxaFzd4x_K-q-QIcsaU", "expire_date": "2025-03-24T23:42:50.614Z"}}, {"model": "sessions.session", "pk": "gwl6u9hxjggm3kksalbua77iizz43rsd", "fields": {"session_data": ".eJxVjk0OgyAQhe_CuiEOAo5ddt8zkGEAtTWYiK6a3r2Yumg3b_F-vryXcLRvo9tLXN0UxFWAuPx6nvgZ8xGEB-VhkbzkbZ28PCryTIu8LyHOt7P7BxipjHWtMFiVIhqdmpQssEFN3HGvEckzpkazBTQeAFTH1LfYgrYWGaAzHiv0e8DNVXcaYoXSKt4fLps--g:1u3cSw:EanSkaDIdij0vUnMUrbLxMxCe1dqSU9km7qFd6CCXMM", "expire_date": "2025-04-26T15:08:18.776Z"}}, {"model": "sessions.session", "pk": "h4ro77mi0ere5j1tvic8gei2mytsydi0", "fields": {"session_data": ".eJxVjk0OgyAQhe_CuiGCDEiX3fcMZGAGtTWaoK6a3r2Yumg3b_F-vryXCLhvQ9hXLmEkcRXaiMuvGTE9eT4SeuDcLzIt81bGKI-KPNNV3hfi6XZ2_wADrkNdR8upBWez64wHJrLsG4pGg2o4cnQWOLeQfAe-I42NY2XAGpdZA4Cq0O-BMFXdsecKxSLeH3GLP6A:1u5SkF:JXrXJztK0FJlevsysz4SjOdpmK_jlC-3OBHfttzrcoA", "expire_date": "2025-05-01T17:09:47.759Z"}}, {"model": "sessions.session", "pk": "hdtmb2u5pgchcw345sjacy2lee7k14tf", "fields": {"session_data": ".eJxVjk0OgyAQhe_CuiEOAo5ddt8zkGEAtTWYiK6a3r2Yumg3b_F-vryXcLRvo9tLXN0UxFWAuPx6nvgZ8xGEB-VhkbzkbZ28PCryTIu8LyHOt7P7BxipjHWtMFiVIhqdmpQssEFN3HGvEckzpkazBTQeAFTH1LfYgrYWGaAzHiv0e8DNVXcaYoXSKt4fLps--g:1twYmE:WgVxKKYdjVxXOL7gXcieQMagijO4FDZuAcN-58ipa0s", "expire_date": "2025-04-07T03:47:02.520Z"}}, {"model": "sessions.session", "pk": "hinalequp3hhwrfs5jjmeu4tmq5hhvbi", "fields": {"session_data": ".eJxVjMsOwiAQRf-FtSFAGR4u3fsNBJhBqgaS0q6M_65NutDtPefcFwtxW2vYBi1hRnZmSrPT75hiflDbCd5ju3Wee1uXOfFd4Qcd_NqRnpfD_TuocdRvnQzlCawp1mkPhGjIC0xagRSUKFkDVCbI3oF3qKKwJDUYbQspAJDs_QEQ8zfJ:1u20ai:TJqsi-Ws52vdmEMgMXHatByr9E8M7XYTWJjkdkjcXIY", "expire_date": "2025-04-22T04:29:40.409Z"}}, {"model": "sessions.session", "pk": "is3czioasy51uvnjrguv6aw9k1hrreu0", "fields": {"session_data": "e30:1tiHnS:LSXKCY8zfAUqOdYHE4cm3wpkGbXiXEJLI1HkXhYCVFM", "expire_date": "2025-02-26T18:49:18.505Z"}}, {"model": "sessions.session", "pk": "ixluaaxdaq100qtnjmoj3y7t35ujr7vf", "fields": {"session_data": ".eJxVjMsOwiAQRf-FtSE8BgGX7vsNZGBAqgaS0q6M_65NutDtPefcFwu4rTVsIy9hJnZhkp1-t4jpkdsO6I7t1nnqbV3myHeFH3TwqVN-Xg_376DiqN_ag1HCyWxAa6esI0oepHHnrIt1YBCct94orzQkaQWhoKRQJCgFTY7s_QGgcTby:1tj8UX:DddnGt6daB9f_Zz_uRHkSCHa0wSLA9hXs6lPPFo9w1s", "expire_date": "2025-03-01T03:05:17.383Z"}}, {"model": "sessions.session", "pk": "ltuw97zi1f0ybkcm2jr7dyg13o7ci6f7", "fields": {"session_data": ".eJxVjk0OgyAQhe_CuiEOAo5ddt8zkGEAtTWYiK6a3r2Yumg3b_F-vryXcLRvo9tLXN0UxFWAuPx6nvgZ8xGEB-VhkbzkbZ28PCryTIu8LyHOt7P7BxipjHWtMFiVIhqdmpQssEFN3HGvEckzpkazBTQeAFTH1LfYgrYWGaAzHiv0e8DNVXcaYoXSKt4fLps--g:1u5UCH:REgWqbKGBt557ISkY6xVaPLbJ7FZ2f_dddF6PCpduyg", "expire_date": "2025-05-01T18:42:49.697Z"}}, {"model": "sessions.session", "pk": "nbjzpnikw3519zohxem3dw1rcxk5v7zv", "fields": {"session_data": "e30:1ttL1y:fsCDOr3M-ocAbHQ-Nhhr9-8ocf9GRgrjoy_qjtYwvdQ", "expire_date": "2025-03-29T06:29:58.998Z"}}, {"model": "sessions.session", "pk": "nctcebautf2vx0y52ccar9g6k5nf18rp", "fields": {"session_data": ".eJxVjsFKxDAQhl9FcpbSSZN06nEPgqgnFS9CmUySdt3SStoKi_juptmC7OXL8P_fDPkR7pPGbmqHxJU6L-4ERXErWlqXvl1nH9ujSyFcZ5b45MetuOwXPI1LPNpiU4q9nYvnyfnhsLtXB3qa-7Qt0RkZPGoVyhAMsEZFXHOjEMkyhlKxAdQWAGTN1FRYgTIGGaDWFtPRpY-e3OWX-1x_v58epNWH1xcYzuGxuf96Mm_RJJtp8d0Uz0n-WEujzMZKb5R1Zk6ku8kP5brKKmbmRMn_WTbi9w__YGab:1uCXnX:QtIj3KhMpWKlMXs0UOUsDWJ7XCYgJw1ikUSowyglxuU", "expire_date": "2025-05-21T05:58:27.842Z"}}, {"model": "sessions.session", "pk": "o48o6s3dueppoxukr8fouhu2djvvtwgv", "fields": {"session_data": "e30:1ts9vP:GeVPTtYCDJNZQEi8ut4orSlk3xmHbrBxoNrdz_e_zxg", "expire_date": "2025-03-26T00:26:19.216Z"}}, {"model": "sessions.session", "pk": "q2uwtaivqqk2ujsrup08cvtw16sv8fqn", "fields": {"session_data": ".eJxVjMsOwiAQRf-FtSEdymPq0r3fQIYBpGogKe3K-O_apAvd3nPOfQlP21r81tPi5yjOAsTpdwvEj1R3EO9Ub01yq-syB7kr8qBdXltMz8vh_h0U6uVbK4xW5YRG5yFnC2xQEzueNCIFxjxotoAmAIByTNOII2hrkQGcCSjeH9zeNyM:1uCXR7:hcFCgLpVupKgxF-PR1KsTHH-ssXxw3pkJW5lvR8GlYE", "expire_date": "2025-05-21T05:35:17.924Z"}}, {"model": "sessions.session", "pk": "q9su772n42d5ahviny6d4h413y9c3308", "fields": {"session_data": ".eJxVjk0OgyAQhe_CuiGAU9Auu_cMZBhGsTWYiKya3r2aumg3b_F-vryX8Fi35Gvh1U9R3IQ24vJrBqQn5yOJD8zjImnJ2zoFeVTkmRbZL5Hn-9n9AyQsaV8jdwMMCozG4BSCZmsDOAOBomssWE1tpxyoOEQFpC1jMMhXA0i2aWmHfg_4edeKIx_QVbw_bn0_8g:1ttydm:j4Rur_8liUqLh13wrU6nZ86RI6ptdQR5yKNRGJ01790", "expire_date": "2025-03-31T00:47:38.080Z"}}, {"model": "sessions.session", "pk": "qo95agl4ar6yzckka5obbzd0e881nrs3", "fields": {"session_data": "e30:1ts9yj:3L536AfTQ4dpRPJpJvogC1OHJOaFfFWSkjAXFtAcDDA", "expire_date": "2025-03-26T00:29:45.473Z"}}, {"model": "sessions.session", "pk": "rsl55w2fclcl46iwup7xwrr8mdd5otvg", "fields": {"session_data": ".eJxVjMsOwiAQRf-FtSFAGR4u3fsNBJhBqgaS0q6M_65NutDtPefcFwtxW2vYBi1hRnZmSrPT75hiflDbCd5ju3Wee1uXOfFd4Qcd_NqRnpfD_TuocdRvnQzlCawp1mkPhGjIC0xagRSUKFkDVCbI3oF3qKKwJDUYbQspAJDs_QEQ8zfJ:1u2axJ:emGFMXe65k_Q2zTGtGhTJsCzLKorhqBT0KRkV9Ff2rM", "expire_date": "2025-04-23T19:19:25.284Z"}}, {"model": "sessions.session", "pk": "s0p1fosguwqyswuy4jhtjtgc1nux29yk", "fields": {"session_data": "e30:1ttL4O:zOzqMb4TOCZdhhGQZACQ3v2p38BAwGwoxoaME18_tHI", "expire_date": "2025-03-29T06:32:28.393Z"}}, {"model": "sessions.session", "pk": "tm15l2rd21734i0eruvfgs0ygna9x3d9", "fields": {"session_data": "e30:1ttJ3t:hByEoR8x0jW4oEIuc_im9WJHWeLujJADt5-0-XBGLUc", "expire_date": "2025-03-29T04:23:49.402Z"}}, {"model": "sessions.session", "pk": "vnt38eex4kaj1r6ckuz57465cawl4g5w", "fields": {"session_data": ".eJxVjMsOwiAQRf-FtSEdymPq0r3fQIYBpGogKe3K-O_apAvd3nPOfQlP21r81tPi5yjOAsTpdwvEj1R3EO9Ub01yq-syB7kr8qBdXltMz8vh_h0U6uVbK4xW5YRG5yFnC2xQEzueNCIFxjxotoAmAIByTNOII2hrkQGcCSjeH9zeNyM:1u5RCO:iIxbHFSCSmuzyNajxm46DcWhQj2UzWWtnNWpOIGjmjc", "expire_date": "2025-05-01T15:30:44.690Z"}}, {"model": "sessions.session", "pk": "vwh0m1pqquh6hkg224jzdm2lox4fjvd1", "fields": {"session_data": ".eJxVjjkOwjAQRe_iGlmZxMuEkp4zWOOxHQciR8pSIe6OI1JA84u_PP2XcLRv2e1rXNwYxFWAuPx6nvgZyxGEB5VhljyXbRm9PCryTFd5n0Ocbmf3D5BpzXXdYjBtiqhValIywBoVseVeIZJnTI1iA6g9ALSWqe-wA2UMMoDVHiv0e8BNVXcaYoXGIt4fLp8--g:1u4maL:IbHK-dItRG_pJUiGz_5g8twXbHiTKkDXLoxd_uLZSCs", "expire_date": "2025-04-29T20:08:45.464Z"}}, {"model": "sessions.session", "pk": "ye6jxj1qklvtgimu59n34sh3hgbesdds", "fields": {"session_data": "e30:1ttJ4g:wBtJtYi1znnNhS1gg-3xPl7B05CBskl3dkwXpIJM-Ss", "expire_date": "2025-03-29T04:24:38.267Z"}}, {"model": "sessions.session", "pk": "yr90spho2rabl84rojtcr9p8sosxe1j8", "fields": {"session_data": ".eJxVjEEOwiAQRe_C2hCg49C6dN8zkGEYpGpoUtqV8e7apAvd_vfef6lA21rC1mQJU1IXZZ06_Y6R-CF1J-lO9TZrnuu6TFHvij5o0-Oc5Hk93L-DQq18a5IhQzbgLEVvCKwgRvAOIiffIaDlfjAeTMrJAFsUio7k7IAYu57V-wMGhzgb:1u68z1:XHWce7oRd4gCSUW9S-YM_8gRNBjO-UJHUIHFWVjATeI", "expire_date": "2025-05-03T14:15:51.772Z"}}, {"model": "sessions.session", "pk": "z4ip9n0o70hq3edp15nenhlut1nsnko4", "fields": {"session_data": "e30:1tiG5Q:_FFwlmva4DMk0Rk7q4KDUws7z9o6E_mTakZ35HUGDEg", "expire_date": "2025-02-26T16:59:44.269Z"}}, {"model": "sessions.session", "pk": "zq0ggfmb1hr0pzwrwdurrwhqbxnu50qq", "fields": {"session_data": ".eJxVjjkOwyAURO9CHSEb88GkTJ8zIOCPl8TCkpcqyt2DFRdJM8UsT_MSPuzb4PcVix9ZXIXS4vJrxpCeyEfCj5D7WaY5b8sY5VGRZ7rK-8yYbmf3DzCEdSjraJAasqazrXYEZgNXcdSK6goR0RpC11ByLbmWVagsak1G2w6KiOoC_R7wU9E99ChQZPH-AHGPP6A:1u3CRN:17bdXld1JdmcfzpK4oNj2oE8OBwbltOHQSyDcBO4ka0", "expire_date": "2025-04-25T11:20:57.580Z"}}, {"model": "promotions.eventtranslation", "pk": 173, "fields": {"language_code": "en", "name": "test10000", "description": "", "master": 87}}, {"model": "promotions.eventtranslation", "pk": 174, "fields": {"language_code": "ar", "name": "تجربه مليون", "description": null, "master": 87}}, {"model": "promotions.eventtranslation", "pk": 177, "fields": {"language_code": "en", "name": "anniversary", "description": "", "master": 89}}, {"model": "promotions.eventtranslation", "pk": 178, "fields": {"language_code": "ar", "name": "سنوية المقهى", "description": null, "master": 89}}, {"model": "promotions.eventtranslation", "pk": 179, "fields": {"language_code": "en", "name": "Eid al-Adha", "description": "", "master": 90}}, {"model": "promotions.eventtranslation", "pk": 180, "fields": {"language_code": "ar", "name": "عيد الاضحى", "description": null, "master": 90}}, {"model": "promotions.eventtranslation", "pk": 181, "fields": {"language_code": "ar", "name": "اليوم العالمي للقهوة", "description": "", "master": 91}}, {"model": "promotions.eventtranslation", "pk": 182, "fields": {"language_code": "en", "name": "International Coffee Day", "description": null, "master": 91}}, {"model": "promotions.eventtranslation", "pk": 183, "fields": {"language_code": "ar", "name": "اليوم العالمي للأم", "description": "", "master": 92}}, {"model": "promotions.eventtranslation", "pk": 184, "fields": {"language_code": "en", "name": "International Mother's Day", "description": null, "master": 92}}, {"model": "promotions.event", "pk": 87, "fields": {"user": 18, "date": "2025-04-20"}}, {"model": "promotions.event", "pk": 89, "fields": {"user": 17, "date": "2026-01-20"}}, {"model": "promotions.event", "pk": 90, "fields": {"user": 17, "date": "2025-04-22"}}, {"model": "promotions.event", "pk": 91, "fields": {"user": null, "date": "2025-10-01"}}, {"model": "promotions.event", "pk": 92, "fields": {"user": null, "date": "2026-03-21"}}, {"model": "promotions.categorytranslation", "pk": 1, "fields": {"language_code": "en", "category": "Marketing Advice", "description": "Get friendly tips on promoting your items and understanding your customers.", "master": 1}}, {"model": "promotions.categorytranslation", "pk": 2, "fields": {"language_code": "ar", "category": "نصائح تسويقية", "description": "نصائح تسويقية تساعدك في الترويج وفهم عملاءك بشكل أفضل", "master": 1}}, {"model": "promotions.categorytranslation", "pk": 3, "fields": {"language_code": "en", "category": "Analysis", "description": "Explore insights from your sales data to improve performance.", "master": 2}}, {"model": "promotions.categorytranslation", "pk": 4, "fields": {"language_code": "ar", "category": "تحليل", "description": "اطّلع على تحليلات مفصلة تعتمد على البيانات لفهم سوقك وأداءك بشكل أفضل.", "master": 2}}, {"model": "promotions.category", "pk": 1, "fields": {}}, {"model": "promotions.category", "pk": 2, "fields": {}}, {"model": "promotions.subcategorytranslation", "pk": 1, "fields": {"language_code": "en", "subcategory": "Adding a new item", "description": "null", "master": 1}}, {"model": "promotions.subcategorytranslation", "pk": 2, "fields": {"language_code": "ar", "subcategory": "اضافة منتج جديد", "description": "null", "master": 1}}, {"model": "promotions.subcategorytranslation", "pk": 3, "fields": {"language_code": "en", "subcategory": "Suggesting  promotions", "description": "null", "master": 2}}, {"model": "promotions.subcategorytranslation", "pk": 4, "fields": {"language_code": "ar", "subcategory": "اقتراح ترويجي", "description": "null", "master": 2}}, {"model": "promotions.subcategorytranslation", "pk": 5, "fields": {"language_code": "ar", "subcategory": "دردش عن التسويق", "description": "null", "master": 3}}, {"model": "promotions.subcategorytranslation", "pk": 6, "fields": {"language_code": "en", "subcategory": "Chatting About Marketing", "description": "null", "master": 3}}, {"model": "promotions.subcategorytranslation", "pk": 7, "fields": {"language_code": "ar", "subcategory": "منتج لم ينجح", "description": "null", "master": 4}}, {"model": "promotions.subcategorytranslation", "pk": 8, "fields": {"language_code": "en", "subcategory": "failing item", "description": "null", "master": 4}}, {"model": "promotions.subcategorytranslation", "pk": 9, "fields": {"language_code": "en", "subcategory": "Best time to promote", "description": "null", "master": 5}}, {"model": "promotions.subcategorytranslation", "pk": 10, "fields": {"language_code": "ar", "subcategory": "أنسب أوقات ترويج", "description": "null", "master": 5}}, {"model": "promotions.subcategorytranslation", "pk": 11, "fields": {"language_code": "ar", "subcategory": "تحليل بياناتي", "description": "null", "master": 6}}, {"model": "promotions.subcategorytranslation", "pk": 12, "fields": {"language_code": "en", "subcategory": "Overall analysis", "description": "null", "master": 6}}, {"model": "promotions.subcategory", "pk": 1, "fields": {"category": 1}}, {"model": "promotions.subcategory", "pk": 2, "fields": {"category": 1}}, {"model": "promotions.subcategory", "pk": 3, "fields": {"category": 1}}, {"model": "promotions.subcategory", "pk": 4, "fields": {"category": 2}}, {"model": "promotions.subcategory", "pk": 5, "fields": {"category": 2}}, {"model": "promotions.subcategory", "pk": 6, "fields": {"category": 2}}, {"model": "promotions.questiontranslation", "pk": 1, "fields": {"language_code": "en", "question": "What type are you thinking of adding? Is it a drink, dessert, or something else?", "master": 1}}, {"model": "promotions.questiontranslation", "pk": 2, "fields": {"language_code": "ar", "question": "ما النوع اللي تفكر تضيفه؟ مشروب؟ حلى؟ ولا شيء جديد كليًا؟", "master": 1}}, {"model": "promotions.questiontranslation", "pk": 3, "fields": {"language_code": "ar", "question": "حابّ أساعدك باقتراحات بناءً على مبيعاتك أو اللي ماشي بالسوق؟", "master": 2}}, {"model": "promotions.questiontranslation", "pk": 4, "fields": {"language_code": "en", "question": "Would you like suggestions based on current trends or insights from your sales data?", "master": 2}}, {"model": "promotions.questiontranslation", "pk": 5, "fields": {"language_code": "ar", "question": "إلى متى ناوي تشغل العرض؟ أسبوع؟ شهر؟ ولا أطول؟", "master": 3}}, {"model": "promotions.questiontranslation", "pk": 6, "fields": {"language_code": "en", "question": "How long are you planning to run the promotion? For example, a week or a month?", "master": 3}}, {"model": "promotions.questiontranslation", "pk": 7, "fields": {"language_code": "ar", "question": "في بالك عرض موسمي أو ثقافي؟ أو بس تبي فكرة حلوة تجذب الناس؟", "master": 4}}, {"model": "promotions.questiontranslation", "pk": 8, "fields": {"language_code": "en", "question": "Do you have a specific type of offer in mind, like something seasonal, cultural, or general?", "master": 4}}, {"model": "promotions.questiontranslation", "pk": 9, "fields": {"language_code": "en", "question": "What part of your marketing strategy would you like to talk about?", "master": 5}}, {"model": "promotions.questiontranslation", "pk": 10, "fields": {"language_code": "ar", "question": "وش الجزء من خطتك التسويقية حابّ نبدأ فيه؟ نقدر نتكلم عن أي شيء تبيه.", "master": 5}}, {"model": "promotions.questiontranslation", "pk": 11, "fields": {"language_code": "en", "question": "Which item isn’t performing as well as you’d hoped?", "master": 6}}, {"model": "promotions.questiontranslation", "pk": 12, "fields": {"language_code": "ar", "question": "ما العنصر الذي لا يحقق الأداء المتوقع كما كنت تأمل؟", "master": 6}}, {"model": "promotions.questiontranslation", "pk": 15, "fields": {"language_code": "en", "question": "Are you thinking about targeting a specific time of day, like mornings or evenings?", "master": 8}}, {"model": "promotions.questiontranslation", "pk": 16, "fields": {"language_code": "ar", "question": "تفكر تروّج في وقت معين؟ زي الصباح أو بعد المغرب؟", "master": 8}}, {"model": "promotions.questiontranslation", "pk": 17, "fields": {"language_code": "en", "question": "Would you like recommendations based on your current sales trends?", "master": 9}}, {"model": "promotions.questiontranslation", "pk": 18, "fields": {"language_code": "ar", "question": "حاب أشاركك أفكار مبنية على مبيعاتك الحالية؟ ممكن تساعدك تاخذ قرار أسرع.", "master": 9}}, {"model": "promotions.questiontranslation", "pk": 19, "fields": {"language_code": "en", "question": "Would you like a report for a specific period, like last week or last month?", "master": 10}}, {"model": "promotions.questiontranslation", "pk": 20, "fields": {"language_code": "ar", "question": "تبي تقرير لفترة معينة؟ مثل الأسبوع اللي راح أو الشهر؟", "master": 10}}, {"model": "promotions.questiontranslation", "pk": 21, "fields": {"language_code": "ar", "question": "حاب تشوف ملخص عن المبيعات والتفضيلات؟ ولا تركّز على نقطة معيّنة؟", "master": 11}}, {"model": "promotions.questiontranslation", "pk": 22, "fields": {"language_code": "en", "question": "Are you interested in insights about sales, customer preferences, or both?", "master": 11}}, {"model": "promotions.question", "pk": 1, "fields": {"subcategory": 1}}, {"model": "promotions.question", "pk": 2, "fields": {"subcategory": 1}}, {"model": "promotions.question", "pk": 3, "fields": {"subcategory": 2}}, {"model": "promotions.question", "pk": 4, "fields": {"subcategory": 2}}, {"model": "promotions.question", "pk": 5, "fields": {"subcategory": 3}}, {"model": "promotions.question", "pk": 6, "fields": {"subcategory": 4}}, {"model": "promotions.question", "pk": 8, "fields": {"subcategory": 5}}, {"model": "promotions.question", "pk": 9, "fields": {"subcategory": 5}}, {"model": "promotions.question", "pk": 10, "fields": {"subcategory": 6}}, {"model": "promotions.question", "pk": 11, "fields": {"subcategory": 6}}, {"model": "promotions.dailyadvicetranslation", "pk": 1, "fields": {"language_code": "en", "title": "Stay Consistent", "advice": "Consistency in service keeps customers coming back.", "master": 1}}, {"model": "promotions.dailyadvicetranslation", "pk": 2, "fields": {"language_code": "ar", "title": "كن ثابتًا", "advice": "الثبات في الخدمة يحفز الزبائن على الرجوع.", "master": 1}}, {"model": "promotions.dailyadvicetranslation", "pk": 3, "fields": {"language_code": "en", "title": "Highlight your best sellers", "advice": "Highlight your best sellers — make them shine.", "master": 2}}, {"model": "promotions.dailyadvicetranslation", "pk": 4, "fields": {"language_code": "ar", "title": "أبرز منتجاتك الأكثر مبيعًا", "advice": "أبرز منتجاتك الأكثر مبيعًا — واجعلها تتألق.", "master": 2}}, {"model": "promotions.dailyadvicetranslation", "pk": 5, "fields": {"language_code": "en", "title": "Offer seasonal flavors", "advice": "Offer seasonal flavors to keep your menu exciting.", "master": 3}}, {"model": "promotions.dailyadvicetranslation", "pk": 6, "fields": {"language_code": "ar", "title": "قدّم نكهات موسمية", "advice": "قدّم نكهات موسمية لإضفاء الحيوية على قائمتك.", "master": 3}}, {"model": "promotions.dailyadvicetranslation", "pk": 7, "fields": {"language_code": "en", "title": "Train your staff to greet guests", "advice": "Train your staff to greet every guest with warmth.", "master": 4}}, {"model": "promotions.dailyadvicetranslation", "pk": 8, "fields": {"language_code": "ar", "title": "درّب فريقك على استقبال الزبائن", "advice": "درّب فريقك على استقبال الزبائن بحرارة.", "master": 4}}, {"model": "promotions.dailyadvicetranslation", "pk": 9, "fields": {"language_code": "en", "title": "Share behind-the-scenes moments", "advice": "Share behind-the-scenes moments on social media.", "master": 5}}, {"model": "promotions.dailyadvicetranslation", "pk": 10, "fields": {"language_code": "ar", "title": "شارك لقطات من خلف الكواليس", "advice": "شارك لقطات من خلف الكواليس على وسائل التواصل.", "master": 5}}, {"model": "promotions.dailyadvicetranslation", "pk": 11, "fields": {"language_code": "en", "title": "Celebrate local events", "advice": "Celebrate local events with themed drinks.", "master": 6}}, {"model": "promotions.dailyadvicetranslation", "pk": 12, "fields": {"language_code": "ar", "title": "احتفل بالمناسبات المحلية", "advice": "احتفل بالمناسبات المحلية بمشروبات خاصة.", "master": 6}}, {"model": "promotions.dailyadvicetranslation", "pk": 13, "fields": {"language_code": "en", "title": "Use Arabic calligraphy", "advice": "Use Arabic calligraphy in your design for a cultural touch.", "master": 7}}, {"model": "promotions.dailyadvicetranslation", "pk": 14, "fields": {"language_code": "ar", "title": "استخدم الخط العربي في التصميم", "advice": "استخدم الخط العربي في التصميم لإضفاء طابع ثقافي.", "master": 7}}, {"model": "promotions.dailyadvicetranslation", "pk": 15, "fields": {"language_code": "en", "title": "Offer loyalty cards", "advice": "Offer loyalty cards with free drink rewards.", "master": 8}}, {"model": "promotions.dailyadvicetranslation", "pk": 16, "fields": {"language_code": "ar", "title": "قدّم بطاقات ولاء", "advice": "قدم بطاقات ولاء بمكافآت مشروبات مجانية.", "master": 8}}, {"model": "promotions.dailyadvicetranslation", "pk": 17, "fields": {"language_code": "en", "title": "Feature a drink of the week", "advice": "Feature a “drink of the week” to create excitement.", "master": 9}}, {"model": "promotions.dailyadvicetranslation", "pk": 18, "fields": {"language_code": "ar", "title": "خصص “مشروب الأسبوع”", "advice": "خصص “مشروب الأسبوع” لزيادة الحماس.", "master": 9}}, {"model": "promotions.dailyadvicetranslation", "pk": 19, "fields": {"language_code": "en", "title": "Keep your café clean", "advice": "Keep your café clean and smelling fresh.", "master": 10}}, {"model": "promotions.dailyadvicetranslation", "pk": 20, "fields": {"language_code": "ar", "title": "حافظ على نظافة مقهاك", "advice": "حافظ على نظافة مقهاك ورائحته المنعشة.", "master": 10}}, {"model": "promotions.dailyadvicetranslation", "pk": 21, "fields": {"language_code": "en", "title": "Serve date-based desserts", "advice": "Serve date-based desserts during Ramadan.", "master": 11}}, {"model": "promotions.dailyadvicetranslation", "pk": 22, "fields": {"language_code": "ar", "title": "قدّم حلويات تحتوي على التمر", "advice": "قدّم حلويات تحتوي على التمر خلال رمضان.", "master": 11}}, {"model": "promotions.dailyadvicetranslation", "pk": 23, "fields": {"language_code": "en", "title": "Share inspiring quotes", "advice": "Share inspiring quotes on your coffee cups.", "master": 12}}, {"model": "promotions.dailyadvicetranslation", "pk": 24, "fields": {"language_code": "ar", "title": "ضع اقتباسات ملهمة", "advice": "ضع اقتباسات ملهمة على أكواب القهوة.", "master": 12}}, {"model": "promotions.dailyadvicetranslation", "pk": 25, "fields": {"language_code": "en", "title": "Offer discounts for students", "advice": "Offer discounts for students or teachers.", "master": 13}}, {"model": "promotions.dailyadvicetranslation", "pk": 26, "fields": {"language_code": "ar", "title": "قدّم خصومات للطلاب", "advice": "قدّم خصومات للطلاب أو المعلمين.", "master": 13}}, {"model": "promotions.dailyadvicetranslation", "pk": 27, "fields": {"language_code": "en", "title": "Encourage customers to tag your café", "advice": "Encourage customers to tag your café online.", "master": 14}}, {"model": "promotions.dailyadvicetranslation", "pk": 28, "fields": {"language_code": "ar", "title": "شجّع الزبائن على الإشارة", "advice": "شجّع الزبائن على الإشارة إلى مقهاك عبر الإنترنت.", "master": 14}}, {"model": "promotions.dailyadvicetranslation", "pk": 29, "fields": {"language_code": "en", "title": "Use soft background music", "advice": "Use soft background music to enhance the mood.", "master": 15}}, {"model": "promotions.dailyadvicetranslation", "pk": 30, "fields": {"language_code": "ar", "title": "استخدم موسيقى خلفية هادئة", "advice": "استخدم موسيقى خلفية هادئة لتعزيز الأجواء.", "master": 15}}, {"model": "promotions.dailyadvicetranslation", "pk": 31, "fields": {"language_code": "en", "title": "Add QR codes to menus", "advice": "Add QR codes to menus for quick online access.", "master": 16}}, {"model": "promotions.dailyadvicetranslation", "pk": 32, "fields": {"language_code": "ar", "title": "أضف رموز QR للقوائم", "advice": "أضف رموز QR للقوائم لتسهيل الوصول.", "master": 16}}, {"model": "promotions.dailyadvicetranslation", "pk": 33, "fields": {"language_code": "en", "title": "Design a cozy corner", "advice": "Design a cozy corner for readers and freelancers.", "master": 17}}, {"model": "promotions.dailyadvicetranslation", "pk": 34, "fields": {"language_code": "ar", "title": "صمّم زاوية مريحة", "advice": "صمّم زاوية مريحة للقرّاء والمستقلين.", "master": 17}}, {"model": "promotions.dailyadvicetranslation", "pk": 35, "fields": {"language_code": "en", "title": "Offer prayer room access", "advice": "Offer prayer room access during peak hours.", "master": 18}}, {"model": "promotions.dailyadvicetranslation", "pk": 36, "fields": {"language_code": "ar", "title": "وفّر غرفة صلاة", "advice": "وفّر غرفة صلاة خلال أوقات الذروة.", "master": 18}}, {"model": "promotions.dailyadvicetranslation", "pk": 37, "fields": {"language_code": "en", "title": "Offer a Buy 1, Gift 1 promotion", "advice": "Offer a “Buy 1, Gift 1” promotion on special days.", "master": 19}}, {"model": "promotions.dailyadvicetranslation", "pk": 38, "fields": {"language_code": "ar", "title": "قدّم عرض “اشترِ واحداً واهْدِ الآخر”", "advice": "قدّم عرض “اشترِ واحداً واهْدِ الآخر” في الأيام المميزة.", "master": 19}}, {"model": "promotions.dailyadvicetranslation", "pk": 39, "fields": {"language_code": "en", "title": "Support local artists", "advice": "Support local artists by displaying their work.", "master": 20}}, {"model": "promotions.dailyadvicetranslation", "pk": 40, "fields": {"language_code": "ar", "title": "ادعم الفنانين المحليين", "advice": "ادعم الفنانين المحليين بعرض أعمالهم.", "master": 20}}, {"model": "promotions.dailyadvicetranslation", "pk": 41, "fields": {"language_code": "en", "title": "Use Arabic hashtags", "advice": "Use Arabic hashtags to connect with the community.", "master": 21}}, {"model": "promotions.dailyadvicetranslation", "pk": 42, "fields": {"language_code": "ar", "title": "استخدم الوسوم العربية", "advice": "استخدم الوسوم العربية للتواصل مع المجتمع.", "master": 21}}, {"model": "promotions.dailyadvicetranslation", "pk": 43, "fields": {"language_code": "en", "title": "Host coffee-tasting events", "advice": "Host coffee-tasting events to engage customers.", "master": 22}}, {"model": "promotions.dailyadvicetranslation", "pk": 44, "fields": {"language_code": "ar", "title": "نظّم فعاليات تذوق القهوة", "advice": "نظّم فعاليات تذوق القهوة لجذب الزبائن.", "master": 22}}, {"model": "promotions.dailyadvicetranslation", "pk": 45, "fields": {"language_code": "en", "title": "Offer discounts on combo meals", "advice": "Offer discounts on combo meals to increase sales.", "master": 23}}, {"model": "promotions.dailyadvicetranslation", "pk": 46, "fields": {"language_code": "ar", "title": "قدّم خصومات على الوجبات المجمعة", "advice": "قدّم خصومات على الوجبات المجمعة لزيادة المبيعات.", "master": 23}}, {"model": "promotions.dailyadvicetranslation", "pk": 47, "fields": {"language_code": "en", "title": "Host a trivia night", "advice": "Host a trivia night to engage your customers and bring in new ones.", "master": 24}}, {"model": "promotions.dailyadvicetranslation", "pk": 48, "fields": {"language_code": "ar", "title": "نظم ليلة تريفيا", "advice": "نظم ليلة تريفيا لجذب الزبائن الجدد وزيادة التفاعل.", "master": 24}}, {"model": "promotions.dailyadvicetranslation", "pk": 49, "fields": {"language_code": "en", "title": "Create a seasonal menu", "advice": "Create a seasonal menu with limited-time offers to entice customers.", "master": 25}}, {"model": "promotions.dailyadvicetranslation", "pk": 50, "fields": {"language_code": "ar", "title": "قدّم قائمة موسمية", "advice": "قدّم قائمة موسمية مع عروض محدودة الوقت لجذب الزبائن.", "master": 25}}, {"model": "promotions.dailyadvicetranslation", "pk": 51, "fields": {"language_code": "en", "title": "Partner with local businesses", "advice": "Partner with local businesses for cross-promotions and mutual benefits.", "master": 26}}, {"model": "promotions.dailyadvicetranslation", "pk": 52, "fields": {"language_code": "ar", "title": "تعاون مع الأعمال المحلية", "advice": "تعاون مع الأعمال المحلية للترويج المتبادل والمنافع المشتركة.", "master": 26}}, {"model": "promotions.dailyadvicetranslation", "pk": 53, "fields": {"language_code": "en", "title": "Offer a loyalty card", "advice": "Offer a loyalty card to reward repeat customers.", "master": 27}}, {"model": "promotions.dailyadvicetranslation", "pk": 54, "fields": {"language_code": "ar", "title": "قدّم بطاقة ولاء", "advice": "قدّم بطاقة ولاء لمكافأة الزبائن المكرّرين.", "master": 27}}, {"model": "promotions.dailyadvicetranslation", "pk": 55, "fields": {"language_code": "en", "title": "Create social media challenges", "advice": "Create social media challenges that encourage customer participation and sharing.", "master": 28}}, {"model": "promotions.dailyadvicetranslation", "pk": 56, "fields": {"language_code": "ar", "title": "أنشئ تحديات على وسائل التواصل الاجتماعي", "advice": "أنشئ تحديات على وسائل التواصل الاجتماعي لتحفيز المشاركة والمشاركة من الزبائن.", "master": 28}}, {"model": "promotions.dailyadvicetranslation", "pk": 57, "fields": {"language_code": "en", "title": "Offer a buy one, get one free deal", "advice": "Offer a “buy one, get one free” deal to encourage purchases.", "master": 29}}, {"model": "promotions.dailyadvicetranslation", "pk": 58, "fields": {"language_code": "ar", "title": "قدّم عرض \"اشترِ واحدًا واحصل على الآخر مجانًا\"", "advice": "قدّم عرض \"اشترِ واحدًا واحصل على الآخر مجانًا\" لتحفيز المبيعات.", "master": 29}}, {"model": "promotions.dailyadvicetranslation", "pk": 59, "fields": {"language_code": "en", "title": "Host themed nights", "advice": "Host themed nights like Italian or Mexican nights to attract different crowds.", "master": 30}}, {"model": "promotions.dailyadvicetranslation", "pk": 60, "fields": {"language_code": "ar", "title": "نظم ليالي ذات طابع خاص", "advice": "نظم ليالي ذات طابع خاص مثل الليالي الإيطالية أو المكسيكية لجذب جماهير متنوعة.", "master": 30}}, {"model": "promotions.dailyadvicetranslation", "pk": 61, "fields": {"language_code": "en", "title": "Organize community events", "advice": "Organize community events to increase brand visibility and engagement.", "master": 31}}, {"model": "promotions.dailyadvicetranslation", "pk": 62, "fields": {"language_code": "ar", "title": "نظم فعاليات مجتمعية", "advice": "نظم فعاليات مجتمعية لزيادة رؤية العلامة التجارية والتفاعل.", "master": 31}}, {"model": "promotions.dailyadvicetranslation", "pk": 63, "fields": {"language_code": "en", "title": "Offer a discount for online orders", "advice": "Offer a discount for online orders to encourage digital sales.", "master": 32}}, {"model": "promotions.dailyadvicetranslation", "pk": 64, "fields": {"language_code": "ar", "title": "قدّم خصمًا للطلبات عبر الإنترنت", "advice": "قدّم خصمًا للطلبات عبر الإنترنت لتشجيع المبيعات الرقمية.", "master": 32}}, {"model": "promotions.dailyadvicetranslation", "pk": 65, "fields": {"language_code": "en", "title": "Launch a limited-time product", "advice": "Launch a limited-time product to generate excitement and attract customers.", "master": 33}}, {"model": "promotions.dailyadvicetranslation", "pk": 66, "fields": {"language_code": "ar", "title": "أطلق منتجًا محدود الوقت", "advice": "أطلق منتجًا محدود الوقت لزيادة الحماس وجذب الزبائن.", "master": 33}}, {"model": "promotions.dailyadvicetranslation", "pk": 67, "fields": {"language_code": "en", "title": "Host an influencer meet-and-greet", "advice": "Host an influencer meet-and-greet event to increase brand awareness.", "master": 34}}, {"model": "promotions.dailyadvicetranslation", "pk": 68, "fields": {"language_code": "ar", "title": "نظم حدث لقاء مع المؤثرين", "advice": "نظم حدث لقاء مع المؤثرين لزيادة الوعي بالعلامة التجارية.", "master": 34}}, {"model": "promotions.dailyadvicetranslation", "pk": 69, "fields": {"language_code": "en", "title": "Introduce seasonal promotions", "advice": "Introduce seasonal promotions to keep your offerings fresh and exciting.", "master": 35}}, {"model": "promotions.dailyadvicetranslation", "pk": 70, "fields": {"language_code": "ar", "title": "قدّم عروضًا موسمية", "advice": "قدّم عروضًا موسمية لإبقاء منتجاتك جديدة ومثيرة.", "master": 35}}, {"model": "promotions.dailyadvicetranslation", "pk": 71, "fields": {"language_code": "en", "title": "Offer a student discount", "advice": "Offer a “student discount” to attract younger crowds.", "master": 36}}, {"model": "promotions.dailyadvicetranslation", "pk": 72, "fields": {"language_code": "ar", "title": "قدّم خصمًا للطلاب", "advice": "قدّم خصمًا للطلاب لجذب الجمهور الأصغر سنًا.", "master": 36}}, {"model": "promotions.dailyadvicetranslation", "pk": 73, "fields": {"language_code": "en", "title": "Host cooking classes", "advice": "Host cooking classes or workshops to engage customers and generate additional income.", "master": 37}}, {"model": "promotions.dailyadvicetranslation", "pk": 74, "fields": {"language_code": "ar", "title": "نظم دروسًا طبخًا", "advice": "نظم دروسًا طبخًا أو ورش عمل لجذب الزبائن وزيادة الدخل.", "master": 37}}, {"model": "promotions.dailyadvicetranslation", "pk": 75, "fields": {"language_code": "en", "title": "Offer delivery services", "advice": "Offer delivery services to provide convenience for your customers.", "master": 38}}, {"model": "promotions.dailyadvicetranslation", "pk": 76, "fields": {"language_code": "ar", "title": "قدّم خدمات التوصيل", "advice": "قدّم خدمات التوصيل لتوفير الراحة لعملائك.", "master": 38}}, {"model": "promotions.dailyadvicetranslation", "pk": 77, "fields": {"language_code": "en", "title": "Feature seasonal desserts", "advice": "Feature seasonal desserts to entice customers with limited-time treats.", "master": 39}}, {"model": "promotions.dailyadvicetranslation", "pk": 78, "fields": {"language_code": "ar", "title": "قدّم حلويات موسمية", "advice": "قدّم حلويات موسمية لجذب الزبائن مع حلويات محدودة الوقت.", "master": 39}}, {"model": "promotions.dailyadvicetranslation", "pk": 79, "fields": {"language_code": "en", "title": "Create an email newsletter", "advice": "Create an email newsletter to promote ongoing deals and updates.", "master": 40}}, {"model": "promotions.dailyadvicetranslation", "pk": 80, "fields": {"language_code": "ar", "title": "أنشئ نشرة بريدية", "advice": "أنشئ نشرة بريدية للترويج للعروض المستمرة والتحديثات.", "master": 40}}, {"model": "promotions.dailyadvicetranslation", "pk": 81, "fields": {"language_code": "en", "title": "Offer a free sample day", "advice": "Offer a “free sample” day to attract new customers and increase brand awareness.", "master": 41}}, {"model": "promotions.dailyadvicetranslation", "pk": 82, "fields": {"language_code": "ar", "title": "قدّم يوم العينات المجانية", "advice": "قدّم يوم العينات المجانية لجذب الزبائن الجدد وزيادة الوعي بالعلامة التجارية.", "master": 41}}, {"model": "promotions.dailyadvicetranslation", "pk": 83, "fields": {"language_code": "en", "title": "Collaborate with influencers", "advice": "Collaborate with influencers for social media promotions and wider reach.", "master": 42}}, {"model": "promotions.dailyadvicetranslation", "pk": 84, "fields": {"language_code": "ar", "title": "تعاون مع المؤثرين", "advice": "تعاون مع المؤثرين في وسائل التواصل الاجتماعي للترويج وزيادة الوصول.", "master": 42}}, {"model": "promotions.dailyadvicetranslation", "pk": 85, "fields": {"language_code": "en", "title": "Organize happy hour", "advice": "Organize a “happy hour” with discounted drinks to attract customers during slower hours.", "master": 43}}, {"model": "promotions.dailyadvicetranslation", "pk": 86, "fields": {"language_code": "ar", "title": "نظم ساعة السعادة", "advice": "نظم ساعة السعادة مع مشروبات مخفضة لجذب الزبائن في الساعات الأقل نشاطًا.", "master": 43}}, {"model": "promotions.dailyadvicetranslation", "pk": 87, "fields": {"language_code": "en", "title": "Host a meet the chef event", "advice": "Host a “meet the chef” event to engage customers and offer them a unique experience.", "master": 44}}, {"model": "promotions.dailyadvicetranslation", "pk": 88, "fields": {"language_code": "ar", "title": "نظم حدث \"التقِ بالطاهي\"", "advice": "نظم حدث \"التقِ بالطاهي\" للتفاعل مع الزبائن وتقديم تجربة فريدة.", "master": 44}}, {"model": "promotions.dailyadvicetranslation", "pk": 89, "fields": {"language_code": "en", "title": "Introduce a Happy Hour", "advice": "Introduce a “Happy Hour” for discounts.", "master": 45}}, {"model": "promotions.dailyadvicetranslation", "pk": 90, "fields": {"language_code": "ar", "title": "قدّم ساعة سعيدة", "advice": "قدّم ساعة سعيدة مع خصومات.", "master": 45}}, {"model": "promotions.dailyadvicetranslation", "pk": 91, "fields": {"language_code": "en", "title": "Use vintage décor", "advice": "Use vintage décor for a unique vibe.", "master": 46}}, {"model": "promotions.dailyadvicetranslation", "pk": 92, "fields": {"language_code": "ar", "title": "استخدم ديكورًا قديمًا", "advice": "استخدم ديكورًا قديمًا لإضفاء طابع مميز.", "master": 46}}, {"model": "promotions.dailyadvicetranslation", "pk": 93, "fields": {"language_code": "en", "title": "Offer live music nights", "advice": "Offer live music nights to attract crowds.", "master": 47}}, {"model": "promotions.dailyadvicetranslation", "pk": 94, "fields": {"language_code": "ar", "title": "قدّم ليالي موسيقية حية", "advice": "قدّم ليالي موسيقية حية لجذب الزبائن.", "master": 47}}, {"model": "promotions.dailyadvicetranslation", "pk": 95, "fields": {"language_code": "en", "title": "Feature a coffee of the day", "advice": "Feature a “coffee of the day” with a special offer.", "master": 48}}, {"model": "promotions.dailyadvicetranslation", "pk": 96, "fields": {"language_code": "ar", "title": "خصص “قهوة اليوم”", "advice": "خصص “قهوة اليوم” مع عرض خاص.", "master": 48}}, {"model": "promotions.dailyadvicetranslation", "pk": 97, "fields": {"language_code": "en", "title": "Create a loyalty program", "advice": "Create a loyalty program with exclusive rewards.", "master": 49}}, {"model": "promotions.dailyadvicetranslation", "pk": 98, "fields": {"language_code": "ar", "title": "أنشئ برنامج ولاء", "advice": "أنشئ برنامج ولاء مع مكافآت حصرية.", "master": 49}}, {"model": "promotions.dailyadvicetranslation", "pk": 99, "fields": {"language_code": "en", "title": "Promote eco-friendly practices", "advice": "Promote eco-friendly practices, like reusable cups.", "master": 50}}, {"model": "promotions.dailyadvicetranslation", "pk": 100, "fields": {"language_code": "ar", "title": "روّج للممارسات الصديقة للبيئة", "advice": "روّج للممارسات الصديقة للبيئة مثل الأكواب القابلة لإعادة الاستخدام.", "master": 50}}, {"model": "promotions.dailyadvice", "pk": 1, "fields": {}}, {"model": "promotions.dailyadvice", "pk": 2, "fields": {}}, {"model": "promotions.dailyadvice", "pk": 3, "fields": {}}, {"model": "promotions.dailyadvice", "pk": 4, "fields": {}}, {"model": "promotions.dailyadvice", "pk": 5, "fields": {}}, {"model": "promotions.dailyadvice", "pk": 6, "fields": {}}, {"model": "promotions.dailyadvice", "pk": 7, "fields": {}}, {"model": "promotions.dailyadvice", "pk": 8, "fields": {}}, {"model": "promotions.dailyadvice", "pk": 9, "fields": {}}, {"model": "promotions.dailyadvice", "pk": 10, "fields": {}}, {"model": "promotions.dailyadvice", "pk": 11, "fields": {}}, {"model": "promotions.dailyadvice", "pk": 12, "fields": {}}, {"model": "promotions.dailyadvice", "pk": 13, "fields": {}}, {"model": "promotions.dailyadvice", "pk": 14, "fields": {}}, {"model": "promotions.dailyadvice", "pk": 15, "fields": {}}, {"model": "promotions.dailyadvice", "pk": 16, "fields": {}}, {"model": "promotions.dailyadvice", "pk": 17, "fields": {}}, {"model": "promotions.dailyadvice", "pk": 18, "fields": {}}, {"model": "promotions.dailyadvice", "pk": 19, "fields": {}}, {"model": "promotions.dailyadvice", "pk": 20, "fields": {}}, {"model": "promotions.dailyadvice", "pk": 21, "fields": {}}, {"model": "promotions.dailyadvice", "pk": 22, "fields": {}}, {"model": "promotions.dailyadvice", "pk": 23, "fields": {}}, {"model": "promotions.dailyadvice", "pk": 24, "fields": {}}, {"model": "promotions.dailyadvice", "pk": 25, "fields": {}}, {"model": "promotions.dailyadvice", "pk": 26, "fields": {}}, {"model": "promotions.dailyadvice", "pk": 27, "fields": {}}, {"model": "promotions.dailyadvice", "pk": 28, "fields": {}}, {"model": "promotions.dailyadvice", "pk": 29, "fields": {}}, {"model": "promotions.dailyadvice", "pk": 30, "fields": {}}, {"model": "promotions.dailyadvice", "pk": 31, "fields": {}}, {"model": "promotions.dailyadvice", "pk": 32, "fields": {}}, {"model": "promotions.dailyadvice", "pk": 33, "fields": {}}, {"model": "promotions.dailyadvice", "pk": 34, "fields": {}}, {"model": "promotions.dailyadvice", "pk": 35, "fields": {}}, {"model": "promotions.dailyadvice", "pk": 36, "fields": {}}, {"model": "promotions.dailyadvice", "pk": 37, "fields": {}}, {"model": "promotions.dailyadvice", "pk": 38, "fields": {}}, {"model": "promotions.dailyadvice", "pk": 39, "fields": {}}, {"model": "promotions.dailyadvice", "pk": 40, "fields": {}}, {"model": "promotions.dailyadvice", "pk": 41, "fields": {}}, {"model": "promotions.dailyadvice", "pk": 42, "fields": {}}, {"model": "promotions.dailyadvice", "pk": 43, "fields": {}}, {"model": "promotions.dailyadvice", "pk": 44, "fields": {}}, {"model": "promotions.dailyadvice", "pk": 45, "fields": {}}, {"model": "promotions.dailyadvice", "pk": 46, "fields": {}}, {"model": "promotions.dailyadvice", "pk": 47, "fields": {}}, {"model": "promotions.dailyadvice", "pk": 48, "fields": {}}, {"model": "promotions.dailyadvice", "pk": 49, "fields": {}}, {"model": "promotions.dailyadvice", "pk": 50, "fields": {}}, {"model": "authentication.area", "pk": 3, "fields": {"name": " الرياض"}}, {"model": "authentication.area", "pk": 4, "fields": {"name": " الجوف"}}, {"model": "authentication.area", "pk": 5, "fields": {"name": " الحدود الشماليّة"}}, {"model": "authentication.area", "pk": 6, "fields": {"name": " الشرقية"}}, {"model": "authentication.area", "pk": 7, "fields": {"name": " الباحة"}}, {"model": "authentication.area", "pk": 8, "fields": {"name": " مكة"}}, {"model": "authentication.area", "pk": 9, "fields": {"name": " المدينة"}}, {"model": "authentication.area", "pk": 10, "fields": {"name": " القصيم"}}, {"model": "authentication.area", "pk": 11, "fields": {"name": "جازان"}}, {"model": "authentication.area", "pk": 12, "fields": {"name": "نجران"}}, {"model": "authentication.area", "pk": 13, "fields": {"name": "حائل"}}, {"model": "authentication.area", "pk": 14, "fields": {"name": "تبوك"}}, {"model": "authentication.area", "pk": 15, "fields": {"name": "عسير"}}, {"model": "authentication.city", "pk": 1, "fields": {"name": "بريدة", "area": 10}}, {"model": "authentication.city", "pk": 2, "fields": {"name": "الرس", "area": 10}}, {"model": "authentication.city", "pk": 3, "fields": {"name": "عنيزة", "area": 10}}, {"model": "authentication.city", "pk": 4, "fields": {"name": "غاف الجواء", "area": 10}}, {"model": "authentication.city", "pk": 5, "fields": {"name": "البدائع", "area": 10}}, {"model": "authentication.city", "pk": 6, "fields": {"name": "الشيحية", "area": 10}}, {"model": "authentication.city", "pk": 7, "fields": {"name": "رياض الخبراء", "area": 10}}, {"model": "authentication.city", "pk": 8, "fields": {"name": "الأفلاج", "area": 3}}, {"model": "authentication.city", "pk": 9, "fields": {"name": "حوطة بني تميم", "area": 3}}, {"model": "authentication.city", "pk": 10, "fields": {"name": "ثادق", "area": 3}}, {"model": "authentication.city", "pk": 11, "fields": {"name": "الحريق", "area": 3}}, {"model": "authentication.city", "pk": 12, "fields": {"name": "الخرج", "area": 3}}, {"model": "authentication.city", "pk": 13, "fields": {"name": "حريملاء", "area": 3}}, {"model": "authentication.city", "pk": 14, "fields": {"name": "الدرعية", "area": 3}}, {"model": "authentication.city", "pk": 15, "fields": {"name": "رماح", "area": 3}}, {"model": "authentication.city", "pk": 16, "fields": {"name": "الدوادمي", "area": 3}}, {"model": "authentication.city", "pk": 17, "fields": {"name": "السليل", "area": 3}}, {"model": "authentication.city", "pk": 18, "fields": {"name": "الزلفي", "area": 3}}, {"model": "authentication.city", "pk": 19, "fields": {"name": "ضرما", "area": 3}}, {"model": "authentication.city", "pk": 20, "fields": {"name": "شقراء", "area": 3}}, {"model": "authentication.city", "pk": 21, "fields": {"name": "القويعية", "area": 3}}, {"model": "authentication.city", "pk": 22, "fields": {"name": "المجمعة", "area": 3}}, {"model": "authentication.city", "pk": 23, "fields": {"name": "وادي الدواسر", "area": 3}}, {"model": "authentication.city", "pk": 24, "fields": {"name": "العيينة والجبيلة", "area": 3}}, {"model": "authentication.city", "pk": 25, "fields": {"name": "مرات", "area": 3}}, {"model": "authentication.city", "pk": 26, "fields": {"name": "الخاصرة", "area": 3}}, {"model": "authentication.city", "pk": 27, "fields": {"name": "عفيف", "area": 3}}, {"model": "authentication.city", "pk": 28, "fields": {"name": "الغاط", "area": 3}}, {"model": "authentication.city", "pk": 29, "fields": {"name": "المزاحمية", "area": 3}}, {"model": "authentication.city", "pk": 30, "fields": {"name": "الحائر", "area": 3}}, {"model": "authentication.city", "pk": 31, "fields": {"name": "بنبان- هيت", "area": 3}}, {"model": "authentication.city", "pk": 32, "fields": {"name": "عرقة", "area": 3}}, {"model": "authentication.city", "pk": 33, "fields": {"name": "مكة المكرمة", "area": 8}}, {"model": "authentication.city", "pk": 34, "fields": {"name": "جدة", "area": 8}}, {"model": "authentication.city", "pk": 35, "fields": {"name": "الطائف", "area": 8}}, {"model": "authentication.city", "pk": 36, "fields": {"name": "رابغ", "area": 8}}, {"model": "authentication.city", "pk": 37, "fields": {"name": "الكامل", "area": 8}}, {"model": "authentication.city", "pk": 38, "fields": {"name": "تربة", "area": 8}}, {"model": "authentication.city", "pk": 39, "fields": {"name": "الليث", "area": 8}}, {"model": "authentication.city", "pk": 40, "fields": {"name": "الجموم", "area": 8}}, {"model": "authentication.city", "pk": 41, "fields": {"name": "خليص", "area": 8}}, {"model": "authentication.city", "pk": 42, "fields": {"name": "أضم", "area": 8}}, {"model": "authentication.city", "pk": 43, "fields": {"name": "الخرمة", "area": 8}}, {"model": "authentication.city", "pk": 44, "fields": {"name": "رنية", "area": 8}}, {"model": "authentication.city", "pk": 45, "fields": {"name": "العرضيات", "area": 8}}, {"model": "authentication.city", "pk": 46, "fields": {"name": "المويه", "area": 8}}, {"model": "authentication.city", "pk": 47, "fields": {"name": "ميسان", "area": 8}}, {"model": "authentication.city", "pk": 48, "fields": {"name": "بحرة", "area": 8}}, {"model": "authentication.city", "pk": 49, "fields": {"name": "الدمام", "area": 6}}, {"model": "authentication.city", "pk": 50, "fields": {"name": "الأحساء", "area": 6}}, {"model": "authentication.city", "pk": 51, "fields": {"name": "الخبر", "area": 6}}, {"model": "authentication.city", "pk": 52, "fields": {"name": "القطيف", "area": 6}}, {"model": "authentication.city", "pk": 53, "fields": {"name": "الجبيل", "area": 6}}, {"model": "authentication.city", "pk": 54, "fields": {"name": "حفر الباطن", "area": 6}}, {"model": "authentication.city", "pk": 55, "fields": {"name": "الخفجي", "area": 6}}, {"model": "authentication.city", "pk": 56, "fields": {"name": "بقيق", "area": 6}}, {"model": "authentication.city", "pk": 57, "fields": {"name": "النعيرية", "area": 6}}, {"model": "authentication.city", "pk": 58, "fields": {"name": "رأس تنورة", "area": 6}}, {"model": "authentication.city", "pk": 59, "fields": {"name": "قرية العليا", "area": 6}}, {"model": "authentication.city", "pk": 60, "fields": {"name": "العديد", "area": 6}}, {"model": "authentication.city", "pk": 61, "fields": {"name": "البيضاء", "area": 6}}, {"model": "authentication.city", "pk": 62, "fields": {"name": "ينبع", "area": 9}}, {"model": "authentication.city", "pk": 63, "fields": {"name": "بدر", "area": 9}}, {"model": "authentication.city", "pk": 64, "fields": {"name": "العلا", "area": 9}}, {"model": "authentication.city", "pk": 65, "fields": {"name": "الحناكية", "area": 9}}, {"model": "authentication.city", "pk": 66, "fields": {"name": "مهد الذهب", "area": 9}}, {"model": "authentication.city", "pk": 67, "fields": {"name": "خيبر", "area": 9}}, {"model": "authentication.city", "pk": 68, "fields": {"name": "العيص", "area": 9}}, {"model": "authentication.city", "pk": 69, "fields": {"name": "وادي الفرع", "area": 9}}, {"model": "authentication.city", "pk": 70, "fields": {"name": "البكيرية", "area": 10}}, {"model": "authentication.city", "pk": 71, "fields": {"name": "النبهانية", "area": 10}}, {"model": "authentication.city", "pk": 72, "fields": {"name": "المذنب", "area": 10}}, {"model": "authentication.city", "pk": 73, "fields": {"name": "الأسياح", "area": 10}}, {"model": "authentication.city", "pk": 74, "fields": {"name": "عيون الجواء", "area": 10}}, {"model": "authentication.city", "pk": 75, "fields": {"name": "ضرية", "area": 10}}, {"model": "authentication.city", "pk": 76, "fields": {"name": "عقلة الصقور", "area": 10}}, {"model": "authentication.city", "pk": 77, "fields": {"name": "الشماسية", "area": 10}}, {"model": "authentication.city", "pk": 78, "fields": {"name": "أبانات", "area": 10}}, {"model": "authentication.city", "pk": 79, "fields": {"name": "أبها", "area": 15}}, {"model": "authentication.city", "pk": 80, "fields": {"name": "خميس مشيط", "area": 15}}, {"model": "authentication.city", "pk": 81, "fields": {"name": "بيشة", "area": 15}}, {"model": "authentication.city", "pk": 82, "fields": {"name": "النماص", "area": 15}}, {"model": "authentication.city", "pk": 83, "fields": {"name": "أحد رفيدة", "area": 15}}, {"model": "authentication.city", "pk": 84, "fields": {"name": "بارق", "area": 15}}, {"model": "authentication.city", "pk": 85, "fields": {"name": "البرك", "area": 15}}, {"model": "authentication.city", "pk": 86, "fields": {"name": "بلقرن", "area": 15}}, {"model": "authentication.city", "pk": 87, "fields": {"name": "تثليث", "area": 15}}, {"model": "authentication.city", "pk": 88, "fields": {"name": "تنومة", "area": 15}}, {"model": "authentication.city", "pk": 89, "fields": {"name": "رجال ألمع", "area": 15}}, {"model": "authentication.city", "pk": 90, "fields": {"name": "الحرجة", "area": 15}}, {"model": "authentication.city", "pk": 91, "fields": {"name": "سراة عبيدة", "area": 15}}, {"model": "authentication.city", "pk": 92, "fields": {"name": "طريب", "area": 15}}, {"model": "authentication.city", "pk": 93, "fields": {"name": "الامواه", "area": 15}}, {"model": "authentication.city", "pk": 94, "fields": {"name": "ظهران الجنوب", "area": 15}}, {"model": "authentication.city", "pk": 95, "fields": {"name": "محايل عسير", "area": 15}}, {"model": "authentication.city", "pk": 96, "fields": {"name": "المجاردة", "area": 15}}, {"model": "authentication.city", "pk": 97, "fields": {"name": "حائل", "area": 13}}, {"model": "authentication.city", "pk": 98, "fields": {"name": "بقعاء", "area": 13}}, {"model": "authentication.city", "pk": 99, "fields": {"name": "الغزالة", "area": 13}}, {"model": "authentication.city", "pk": 100, "fields": {"name": "الشنان", "area": 13}}, {"model": "authentication.city", "pk": 101, "fields": {"name": "موقق", "area": 13}}, {"model": "authentication.city", "pk": 102, "fields": {"name": "الحائط", "area": 13}}, {"model": "authentication.city", "pk": 103, "fields": {"name": "السليمي", "area": 13}}, {"model": "authentication.city", "pk": 104, "fields": {"name": "الشملي", "area": 13}}, {"model": "authentication.city", "pk": 105, "fields": {"name": "سميراء", "area": 13}}, {"model": "authentication.city", "pk": 106, "fields": {"name": "تيماء", "area": 14}}, {"model": "authentication.city", "pk": 107, "fields": {"name": "ضباء", "area": 14}}, {"model": "authentication.city", "pk": 108, "fields": {"name": "أملج", "area": 14}}, {"model": "authentication.city", "pk": 109, "fields": {"name": "حقل", "area": 14}}, {"model": "authentication.city", "pk": 110, "fields": {"name": "الوجه", "area": 14}}, {"model": "authentication.city", "pk": 111, "fields": {"name": "البدع", "area": 14}}, {"model": "authentication.city", "pk": 112, "fields": {"name": "نجران", "area": 12}}, {"model": "authentication.city", "pk": 113, "fields": {"name": "شرورة", "area": 12}}, {"model": "authentication.city", "pk": 114, "fields": {"name": "حبونا", "area": 12}}, {"model": "authentication.city", "pk": 115, "fields": {"name": "محافظة ثار", "area": 12}}, {"model": "authentication.city", "pk": 116, "fields": {"name": "يدمه", "area": 12}}, {"model": "authentication.city", "pk": 117, "fields": {"name": "بدر الجنوب", "area": 12}}, {"model": "authentication.city", "pk": 118, "fields": {"name": "خباش", "area": 12}}, {"model": "authentication.city", "pk": 119, "fields": {"name": "صبيا", "area": 11}}, {"model": "authentication.city", "pk": 120, "fields": {"name": "صامطة", "area": 11}}, {"model": "authentication.city", "pk": 121, "fields": {"name": "أبو عريش", "area": 11}}, {"model": "authentication.city", "pk": 122, "fields": {"name": "جيزان", "area": 11}}, {"model": "authentication.city", "pk": 123, "fields": {"name": "أحد المسارحة", "area": 11}}, {"model": "authentication.city", "pk": 124, "fields": {"name": "بيش", "area": 11}}, {"model": "authentication.city", "pk": 125, "fields": {"name": "العارضة", "area": 11}}, {"model": "authentication.city", "pk": 126, "fields": {"name": "ضمد", "area": 11}}, {"model": "authentication.city", "pk": 127, "fields": {"name": "الدرب", "area": 11}}, {"model": "authentication.city", "pk": 128, "fields": {"name": "العيدابي", "area": 11}}, {"model": "authentication.city", "pk": 129, "fields": {"name": "الدائر", "area": 11}}, {"model": "authentication.city", "pk": 130, "fields": {"name": "الريث", "area": 11}}, {"model": "authentication.city", "pk": 131, "fields": {"name": "الحُرَّث", "area": 11}}, {"model": "authentication.city", "pk": 132, "fields": {"name": "فرسان", "area": 11}}, {"model": "authentication.city", "pk": 133, "fields": {"name": "الطوال", "area": 11}}, {"model": "authentication.city", "pk": 134, "fields": {"name": "هروب", "area": 11}}, {"model": "authentication.city", "pk": 135, "fields": {"name": "فيفاء", "area": 11}}, {"model": "authentication.city", "pk": 136, "fields": {"name": "سكاكا", "area": 4}}, {"model": "authentication.city", "pk": 137, "fields": {"name": "القريات", "area": 4}}, {"model": "authentication.city", "pk": 138, "fields": {"name": "دومة الجندل", "area": 4}}, {"model": "authentication.city", "pk": 139, "fields": {"name": "طبرجل", "area": 4}}, {"model": "authentication.city", "pk": 140, "fields": {"name": "رفحاء", "area": 5}}, {"model": "authentication.city", "pk": 141, "fields": {"name": "طريف", "area": 5}}, {"model": "authentication.city", "pk": 142, "fields": {"name": "العويقيلة", "area": 5}}, {"model": "authentication.city", "pk": 143, "fields": {"name": "عرعر", "area": 5}}, {"model": "authentication.city", "pk": 144, "fields": {"name": "جديدة عرعر", "area": 5}}, {"model": "authentication.city", "pk": 145, "fields": {"name": "شعبة نصاب", "area": 5}}, {"model": "authentication.city", "pk": 146, "fields": {"name": "الباحة", "area": 7}}, {"model": "authentication.city", "pk": 147, "fields": {"name": "بلجرشي", "area": 7}}, {"model": "authentication.city", "pk": 148, "fields": {"name": "المندق", "area": 7}}, {"model": "authentication.city", "pk": 149, "fields": {"name": "المخواة", "area": 7}}, {"model": "authentication.city", "pk": 150, "fields": {"name": "العقيق", "area": 7}}, {"model": "authentication.city", "pk": 151, "fields": {"name": "قلوة", "area": 7}}, {"model": "authentication.city", "pk": 152, "fields": {"name": "القرى", "area": 7}}, {"model": "authentication.city", "pk": 153, "fields": {"name": "بني حسن", "area": 7}}, {"model": "authentication.city", "pk": 154, "fields": {"name": "غامد الزناد", "area": 7}}, {"model": "authentication.city", "pk": 155, "fields": {"name": "الحجر", "area": 7}}, {"model": "authentication.userprofile", "pk": 4, "fields": {"user": 10, "cafe_name": "cafe3", "cafe_name_ar": null, "data_file": "...", "firebase_config": "", "status": 1, "location": "Filler", "area": 10, "city": 7, "social_media_link": null, "cafe_description": null, "cafe_logo": "", "last_updated": "2025-04-23T19:39:33.746Z"}}, {"model": "authentication.userprofile", "pk": 5, "fields": {"user": 12, "cafe_name": "cafe", "cafe_name_ar": null, "data_file": "static/uploads/Sales_ARS_lV8FMq2.csv", "firebase_config": "", "status": 1, "location": "Filler", "area": 10, "city": 7, "social_media_link": "", "cafe_description": "", "cafe_logo": "", "last_updated": "2025-04-23T19:39:33.746Z"}}, {"model": "authentication.userprofile", "pk": 6, "fields": {"user": 13, "cafe_name": "شذااا كافيه", "cafe_name_ar": "شذا كافيه", "data_file": "uploads/4bfdbcb96f17d85ff74f523870d1c8fe_npbsUzx.jpg", "firebase_config": "", "status": 0, "location": "بتبخ، تتر، تتت", "area": 10, "city": 7, "social_media_link": "https://www.youtube.com/results?search_query=what+id+wordpress", "cafe_description": "يب يب يب", "cafe_logo": "logos/5355ead1df4d1d36424b3ff5b8ad9a50_6VL2ZvY.jpg", "last_updated": "2025-04-23T19:39:33.746Z"}}, {"model": "authentication.userprofile", "pk": 7, "fields": {"user": 14, "cafe_name": "تجربة ٢", "cafe_name_ar": null, "data_file": "uploads/5df7f67f388265d11d7554f81997ecd1.jpg", "firebase_config": "", "status": 1, "location": "تتت تتتت", "area": 10, "city": 7, "social_media_link": "", "cafe_description": "", "cafe_logo": "logos/5355ead1df4d1d36424b3ff5b8ad9a50_K94GYd7.jpg", "last_updated": "2025-04-23T19:39:33.746Z"}}, {"model": "authentication.userprofile", "pk": 8, "fields": {"user": 15, "cafe_name": "تجربة ٣", "cafe_name_ar": null, "data_file": "uploads/4bfdbcb96f17d85ff74f523870d1c8fe_v7dEF2J.jpg", "firebase_config": "", "status": 0, "location": "نب قبتثخب عبا هبهب ق", "area": 10, "city": 2, "social_media_link": "", "cafe_description": "", "cafe_logo": "static/logos/stars.jpg", "last_updated": "2025-04-23T19:39:33.746Z"}}, {"model": "authentication.userprofile", "pk": 9, "fields": {"user": 16, "cafe_name": "fouuurth", "cafe_name_ar": null, "data_file": "static/uploads/bukayriah_cafes.csv", "firebase_config": "", "status": 1, "location": "kcj,fjfjnf,rfjjf", "area": 10, "city": 7, "social_media_link": "", "cafe_description": "", "cafe_logo": "static/logos/5355ead1df4d1d36424b3ff5b8ad9a50_vQsf1Jl.jpg", "last_updated": "2025-04-23T19:39:33.746Z"}}, {"model": "authentication.userprofile", "pk": 10, "fields": {"user": 17, "cafe_name": "test5", "cafe_name_ar": null, "data_file": "static/uploads/4bfdbcb96f17d85ff74f523870d1c8fe.jpg", "firebase_config": "", "status": 2, "location": "hhhh", "area": 10, "city": 7, "social_media_link": "", "cafe_description": "", "cafe_logo": "static/logos/folder.png", "last_updated": "2025-04-23T19:39:33.746Z"}}, {"model": "authentication.userprofile", "pk": 11, "fields": {"user": 18, "cafe_name": "test6", "cafe_name_ar": null, "data_file": "static/uploads/5df7f67f388265d11d7554f81997ecd1.jpg", "firebase_config": "", "status": 0, "location": "ffff", "area": 4, "city": 138, "social_media_link": "", "cafe_description": "", "cafe_logo": "static/logos/11d5f8041466b17076b1ba051d9b74a7.jpg", "last_updated": "2025-04-23T19:39:33.746Z"}}, {"model": "authentication.userprofile", "pk": 12, "fields": {"user": 1, "cafe_name": "Stars", "cafe_name_ar": "نجوم", "data_file": "static/uploads/fake_orders_1_50rows_CIezaaY.csv", "firebase_config": "", "status": 1, "location": "892172,Riyadh street", "area": 10, "city": 7, "social_media_link": "", "cafe_description": "this is a pretty cafe for test.", "cafe_logo": "static/logos/2cf08f76c6bf80f96d991b4ecec78450.jpg", "last_updated": "2025-04-25T14:32:36.335Z"}}, {"model": "authentication.userprofile", "pk": 13, "fields": {"user": 20, "cafe_name": "jumanah", "cafe_name_ar": null, "data_file": "static/uploads/Screenshot_2025-03-12_at_6.12.47AM.png", "firebase_config": "", "status": 1, "location": "jjjj", "area": 4, "city": 139, "social_media_link": "", "cafe_description": "", "cafe_logo": "static/logos/Screenshot_2025-03-12_at_6.13.30AM.png", "last_updated": "2025-04-23T19:39:33.746Z"}}, {"model": "authentication.userprofile", "pk": 14, "fields": {"user": 21, "cafe_name": "user2", "cafe_name_ar": null, "data_file": "static/uploads/Screenshot_2025-03-12_at_6.48.49AM.png", "firebase_config": "", "status": 1, "location": "uuu", "area": 10, "city": 6, "social_media_link": "", "cafe_description": "", "cafe_logo": "static/logos/Screenshot_2025-03-14_at_8_3nGGP3B.06.15AM.png", "last_updated": "2025-04-23T19:39:33.746Z"}}, {"model": "authentication.userprofile", "pk": 15, "fields": {"user": 23, "cafe_name": "مقهى ٨", "cafe_name_ar": null, "data_file": "static/uploads/Screen_Recording_2025-03-11_at_8.38.57PM.mov", "firebase_config": "", "status": 1, "location": "اااا", "area": 10, "city": 6, "social_media_link": "", "cafe_description": "", "cafe_logo": "static/logos/Screenshot_2025-03-12_at_6_f2O584c.13.30AM.png", "last_updated": "2025-04-23T19:39:33.746Z"}}, {"model": "authentication.userprofile", "pk": 16, "fields": {"user": 11, "cafe_name": "shatha11", "cafe_name_ar": null, "data_file": "static/uploads/folder.png", "firebase_config": "", "status": 1, "location": "hhhh", "area": 5, "city": 143, "social_media_link": "", "cafe_description": "", "cafe_logo": "static/logos/11d5f8041466b17076b1ba051d9b74a7_eFyA0jk.jpg", "last_updated": "2025-04-23T19:39:33.746Z"}}, {"model": "authentication.userprofile", "pk": 17, "fields": {"user": 24, "cafe_name": "ars cafe", "cafe_name_ar": null, "data_file": "static/uploads/Sales_ARS_q5XPYyJ.csv", "firebase_config": "", "status": 1, "location": "", "area": 10, "city": 1, "social_media_link": "", "cafe_description": "", "cafe_logo": "", "last_updated": "2025-04-23T19:39:33.746Z"}}, {"model": "authentication.userprofile", "pk": 18, "fields": {"user": 29, "cafe_name": "jumanah", "cafe_name_ar": null, "data_file": "static/uploads/fake_orders_1_large_1LUliSE.csv", "firebase_config": "", "status": 1, "location": "القصيم", "area": 10, "city": 4, "social_media_link": "", "cafe_description": "", "cafe_logo": "", "last_updated": "2025-04-23T19:39:33.746Z"}}]